datetime,Rain_Gage_at_Lake_Johnson_354546078422045_lag2,Walnut_Creek_at_Buck_Jones_Road_02087337_lag1,Walnut_Creek_at_South_Wilmington_St_0208734795_lag1,Walnut_Creek_at_Trailwood_Drive_0208734210_lag1,target_south_state_t,drt
7/1/2024 10:00,0,0.09,0.83,0.5,1.680833333,0.01
7/1/2024 11:00,0,0.226666667,0.776666667,0.5,1.66,0.01
7/1/2024 12:00,0,0.325,0.77,0.5,1.6475,0.01
7/1/2024 13:00,0,0.32,0.756666667,,1.635833333,0.01
7/1/2024 14:00,0,0.32,0.723333333,0.486666667,1.6125,0.01
7/1/2024 15:00,0,0.274166667,0.703333333,0.476666667,1.595833333,0.01
7/1/2024 16:00,0,0.265,0.69,0.483333333,1.591666667,0.01
7/1/2024 17:00,0,0.215,0.69,0.493333333,1.599166667,0.01
7/1/2024 18:00,0,0.21,0.69,0.5,1.608333333,0.01
7/1/2024 19:00,0,0.19,0.69,0.46,1.605833333,0.01
7/1/2024 20:00,0,0.15,0.69,0.440833333,1.6,0.01
7/1/2024 21:00,0,0.15,0.69,0.385,1.6,0.01
7/1/2024 22:00,0,0.145,0.745833333,0.355,1.6,0.01
7/1/2024 23:00,0,0.12,0.7925,0.36,1.5925,0.01
7/2/2024 0:00,0,0.095,0.86,0.36,1.591666667,0
7/2/2024 1:00,0,0.09,0.86,0.37,1.594166667,0
7/2/2024 2:00,0,0.09,0.86,0.39,1.6,0
7/2/2024 3:00,0,0.09,0.86,0.395,1.5975,0
7/2/2024 4:00,0,0.09,0.86,0.41,1.595,0
7/2/2024 5:00,0,0.09,0.86,0.423333333,1.598333333,0
7/2/2024 6:00,0,0.09,0.86,0.42,1.609166667,0
7/2/2024 7:00,0,0.09,0.86,0.433333333,1.604166667,0
7/2/2024 8:00,0,0.09,0.86,0.46,1.600833333,0
7/2/2024 9:00,0,0.09,0.793333333,0.46,1.6,0
7/2/2024 10:00,0,0.15,0.78,0.463333333,1.605833333,0
7/2/2024 11:00,0,0.11,0.78,0.473333333,1.608333333,0
7/2/2024 12:00,0,0.09,0.78,0.463333333,1.593333333,0
7/2/2024 13:00,0,0.09,0.786666667,0.474166667,1.578333333,0
7/2/2024 14:00,0,0.09,0.78,0.4625,1.576666667,0
7/2/2024 15:00,0,0.09,0.773333333,0.453333333,1.569166667,0
7/2/2024 16:00,0,0.09,0.78,0.456666667,1.5675,0
7/2/2024 17:00,0,0.09,0.773333333,0.436666667,1.574166667,0
7/2/2024 18:00,0,0.09,0.766666667,0.360833333,1.588333333,0
7/2/2024 19:00,0,0.09,0.78,0.3075,1.595,0
7/2/2024 20:00,0,0.05,0.78,0.3125,1.590833333,0
7/2/2024 21:00,0,0.03,0.78,0.29,1.59,0
7/2/2024 22:00,0,0.03,0.74,0.286666667,1.59,0
7/2/2024 23:00,0,0.03,0.726666667,0.3075,1.59,0
7/3/2024 0:00,0,0.03,0.7,0.32,1.59,0
7/3/2024 1:00,0,0.03,0.7,0.32,1.588333333,0
7/3/2024 2:00,0,0.03,0.7,0.3325,1.589166667,0
7/3/2024 3:00,0,0.03,0.7,0.35,1.59,0
7/3/2024 4:00,0,0.03,0.7,0.365,1.59,0
7/3/2024 5:00,0,0.03,0.7,0.38,1.5925,0
7/3/2024 6:00,0,0.035,0.668181818,0.38,1.590833333,0
7/3/2024 7:00,0,0.08,0.7,0.416666667,1.590833333,0
7/3/2024 8:00,0,0.09,0.694166667,0.41,1.5925,0
7/3/2024 9:00,0,0.09,0.665,0.42,1.59,0
7/3/2024 10:00,0,0.09,0.635833333,0.42,1.59,0
7/3/2024 11:00,0,0.09,0.63,0.418333333,1.589166667,0
7/3/2024 12:00,0,0.09,0.63,0.433333333,1.576666667,0
7/3/2024 13:00,0,0.09,0.63,0.43,1.570833333,0
7/3/2024 14:00,0,0.09,0.63,0.433333333,1.565833333,0
7/3/2024 15:00,0,0.09,0.63,0.4075,1.5675,0
7/3/2024 16:00,0,0.09,0.63,0.4025,1.571666667,0
7/3/2024 17:00,0,0.09,0.63,0.39,1.5775,0
7/3/2024 18:00,0,0.09,0.63,0.335,1.59,0
7/3/2024 19:00,0,0.09,0.63,0.2975,1.590833333,0
7/3/2024 20:00,0,0.09,0.63,0.2925,1.5975,0
7/3/2024 21:00,0,0.09,0.63,0.29,1.603333333,0
7/3/2024 22:00,0,0.085,0.63,0.285,1.6075,0
7/3/2024 23:00,0,0.07,0.63,0.285,1.6,0
7/4/2024 0:00,0,0.045,0.63,0.295,1.6,0
7/4/2024 1:00,0,0.035,0.63,0.315,1.594166667,0
7/4/2024 2:00,0,0.03,0.63,0.32,1.59,0
7/4/2024 3:00,0,0.03,0.63,0.325,1.5825,0
7/4/2024 4:00,0,0.03,0.624166667,0.3375,1.59,0
7/4/2024 5:00,0,0.03,0.618333333,0.35,1.590833333,0
7/4/2024 6:00,0,0.05,0.606666667,0.355,1.59,0
7/4/2024 7:00,0,0.065,0.600833333,0.37,1.59,0
7/4/2024 8:00,0,0.06,0.595,0.38,1.59,0
7/4/2024 9:00,0,0.085,0.583333333,0.38,1.59,0
7/4/2024 10:00,0,0.09,0.571666667,0.395,1.59,0
7/4/2024 11:00,0,0.09,0.56,0.41,1.59,0
7/4/2024 12:00,0,0.09,0.56,0.41,1.584166667,0
7/4/2024 13:00,0,0.09,0.5775,0.41,1.573333333,0
7/4/2024 14:00,0,0.09,0.6025,0.405,1.565833333,0
7/4/2024 15:00,0,0.09,0.59,0.38,1.5675,0
7/4/2024 16:00,0,0.09,0.6075,0.39,1.573333333,0
7/4/2024 17:00,0,0.09,0.610833333,0.374166667,1.58,0
7/4/2024 18:00,0,0.09,0.599166667,0.320833333,1.5925,0
7/4/2024 19:00,0,0.09,0.57,0.285,1.6,0
7/4/2024 20:00,0,0.055,0.581666667,0.2875,1.599166667,0
7/4/2024 21:00,0,0.05,0.57,0.29,1.598333333,0
7/4/2024 22:00,0,0.04,0.57,0.2675,1.594166667,0
7/4/2024 23:00,0,0.045,0.57,0.2825,1.596666667,0
7/5/2024 0:00,0,0.055,0.57,0.2825,1.590833333,0
7/5/2024 1:00,0,0.04,0.57,0.283333333,1.591666667,0
7/5/2024 2:00,0,0.08,0.593333333,0.2975,1.59,0
7/5/2024 3:00,0,0.09,0.599166667,0.31,1.605,0
7/5/2024 4:00,0,0.09,0.593333333,0.3125,1.646666667,0
7/5/2024 5:00,0,0.09,0.64,0.34,1.719166667,0
7/5/2024 6:00,0,0.09,0.64,0.34,1.73,0
7/5/2024 7:00,0,0.09,0.64,0.3625,1.699166667,0
7/5/2024 8:00,0,0.09,0.64,0.37,1.671666667,0
7/5/2024 9:00,0,0.09,0.634166667,0.37,1.6525,0
7/5/2024 10:00,0,0.09,0.605,0.37,1.638333333,0
7/5/2024 11:00,0,0.09,0.57,0.375,1.625833333,0
7/5/2024 12:00,0,0.09,0.57,0.3725,1.606666667,0
7/5/2024 13:00,0,0.09,0.57,0.375,1.59,0
7/5/2024 14:00,0,0.09,0.57,0.37,1.58,0
7/5/2024 15:00,0,0.09,0.57,0.365,1.58,0
7/5/2024 16:00,0,0.09,0.57,0.37,1.579166667,0
7/5/2024 17:00,0,0.09,0.57,0.3625,1.585833333,0
7/5/2024 18:00,0,0.09,0.57,0.31,1.596666667,0
7/5/2024 19:00,0,0.09,0.57,0.275,1.595833333,0
7/5/2024 20:00,0,0.09,0.610833333,0.27,1.59,0
7/5/2024 21:00,0,0.09,2.840833333,0.26,1.7075,0
7/5/2024 22:00,0,0.09,5.9575,0.26,1.809166667,0
7/5/2024 23:00,0,0.09,4.969166667,0.26,1.764166667,0
7/6/2024 0:00,0,0.09,3.725,0.265,1.725833333,0.75
7/6/2024 1:00,0,0.09,2.719166667,0.276666667,1.695,0.75
7/6/2024 2:00,0,0.09,2.115,0.2875,1.6725,0.75
7/6/2024 3:00,0,0.09,1.815,0.305,1.655,0.75
7/6/2024 4:00,0,0.09,1.6525,0.31,1.646666667,0.75
7/6/2024 5:00,0,0.09,1.51,0.32,1.64,0.75
7/6/2024 6:00,0,0.09,1.343333333,0.34,1.634166667,0.75
7/6/2024 7:00,0,0.115,1.245,0.34,1.626666667,0.75
7/6/2024 8:00,0,0.15,1.161666667,0.3475,1.620833333,0.75
7/6/2024 9:00,0,0.15,1.061666667,0.365,1.618333333,0.75
7/6/2024 10:00,0,0.15,0.978333333,0.3675,1.61,0.75
7/6/2024 11:00,0,0.15,0.97,0.37,1.608333333,0.75
7/6/2024 12:00,0,0.15,0.9325,0.37,1.595,0.75
7/6/2024 13:00,0,0.15,0.88,0.375,1.583333333,0.75
7/6/2024 14:00,0,0.15,0.846666667,0.37,1.575,0.75
7/6/2024 15:00,0,0.15,0.806666667,0.363333333,1.5725,0.75
7/6/2024 16:00,0,0.15,0.806666667,0.3625,1.578333333,0.75
7/6/2024 17:00,0,0.15,0.8,0.335,1.585,0.75
7/6/2024 18:00,0,0.15,0.793333333,0.298333333,1.588333333,0.75
7/6/2024 19:00,0,0.15,0.8,0.2725,1.591666667,0.75
7/6/2024 20:00,0,0.125,0.8,0.265,1.590833333,0.75
7/6/2024 21:00,0,0.105,0.8,0.2525,1.59,0.75
7/6/2024 22:00,0,0.095,0.786666667,0.25,1.604166667,0.75
7/6/2024 23:00,0,208.7916667,0.968333333,37.41916667,2.060833333,0.75
7/7/2024 0:00,0.0525,289.5,1.274166667,152.1666667,3.019166667,0.18
7/7/2024 1:00,0.01,90.69166667,3.7325,77.43333333,2.685833333,0.18
7/7/2024 2:00,0.001666667,44.93333333,5.414166667,23.09166667,2.280833333,0.18
7/7/2024 3:00,0,32.25,5.58,12.44166667,2.084166667,0.18
7/7/2024 4:00,0,24.30833333,10.87916667,11.225,2.045,0.18
7/7/2024 5:00,0,20.06666667,29.7,10.5,2.188333333,0.18
7/7/2024 6:00,0,16.925,33.08333333,10.03083333,2.181666667,0.18
7/7/2024 7:00,0,14.7,32.20833333,9.91,2.154166667,0.18
7/7/2024 8:00,0,12.49166667,30.69166667,9.7075,2.120833333,0.18
7/7/2024 9:00,0,10.25416667,28.825,9.505,2.0875,0.18
7/7/2024 10:00,0,8.884166667,26.85833333,9.37,2.0575,0.18
7/7/2024 11:00,0,8.14,25.075,9.175,2.0275,0.18
7/7/2024 12:00,0,7.5475,23.45833333,8.825,1.9925,0.18
7/7/2024 13:00,0,6.795,22.025,8.514166667,1.975833333,0.18
7/7/2024 14:00,0,5.923333333,20.83333333,8.330833333,1.953333333,0.18
7/7/2024 15:00,0,5.168333333,19.68333333,7.7475,1.9375,0.18
7/7/2024 16:00,0,4.566666667,18.54166667,7.44,1.916666667,0.18
7/7/2024 17:00,0,3.923333333,17.61666667,7.196666667,1.906666667,0.18
7/7/2024 18:00,0,15.57416667,16.74166667,6.906666667,1.895,0.18
7/7/2024 19:00,0.0075,51.08333333,15.90833333,7.48,1.879166667,0.18
7/7/2024 20:00,0.000833333,33.8,15.33333333,10.96166667,1.871666667,0.18
7/7/2024 21:00,0.0025,22.16666667,14.84166667,13.55833333,1.86,0.18
7/7/2024 22:00,0.0025,17.41666667,14.63333333,15.19166667,1.86,0.18
7/7/2024 23:00,0,14.10833333,14.3,15.5,1.8675,0.18
7/8/2024 0:00,0,10.79666667,14,15.36666667,1.87,0
7/8/2024 1:00,0,7.8225,13.9,15,1.860833333,0
7/8/2024 2:00,0,5.818333333,13.9,14.6,1.8575,0
7/8/2024 3:00,0,4.575,14.23333333,14.025,1.859166667,0
7/8/2024 4:00,0,3.7025,14.38333333,13.6,1.86,0
7/8/2024 5:00,0,3.13,14.4,13.1,1.86,0
7/8/2024 6:00,0,2.64,14.4,12.58333333,1.858333333,0
7/8/2024 7:00,0,2.24,14.4,12.2,1.851666667,0
7/8/2024 8:00,0,1.931666667,14.4,11.65,1.85,0
7/8/2024 9:00,0,1.7325,14.4,11.125,1.849166667,0
7/8/2024 10:00,0,1.54,14.4,10.725,1.8425,0
7/8/2024 11:00,0,1.395,14.025,10.35,1.839166667,0
7/8/2024 12:00,0,1.25,13.9,9.984166667,1.826666667,0
7/8/2024 13:00,0,1.25,13.56666667,9.55,1.819166667,0
7/8/2024 14:00,0,1.158333333,13.45833333,9.186666667,1.8175,0
7/8/2024 15:00,0,1.03,13.125,8.545,1.811666667,0
7/8/2024 16:00,0,1.015,12.96666667,8.126666667,1.8,0
7/8/2024 17:00,0,0.85,12.66666667,7.606666667,1.798333333,0
7/8/2024 18:00,0,0.85,12.4,6.785833333,1.804166667,0
7/8/2024 19:00,0,0.750833333,11.96666667,6.108333333,1.81,0
7/8/2024 20:00,0,0.68,11.73333333,5.800833333,1.810833333,0
7/8/2024 21:00,0,0.6175,11.4,5.378333333,1.809166667,0
7/8/2024 22:00,0,0.53,11.03333333,5.085,1.796666667,0
7/8/2024 23:00,0,0.495,10.66666667,4.855,1.783333333,0
7/9/2024 0:00,0,0.47,10.425,4.611666667,1.779166667,0
7/9/2024 1:00,0,0.47,10.0725,4.451666667,1.7725,0
7/9/2024 2:00,0,0.435,9.676666667,4.22,1.7675,0
7/9/2024 3:00,0,0.41,9.326666667,4.07,1.760833333,0
7/9/2024 4:00,0,0.41,9.074,3.86,1.756666667,0
7/9/2024 5:00,0,0.41,8.87,3.695,1.750833333,0
7/9/2024 6:00,0,0.41,8.6225,3.533333333,1.75,0
7/9/2024 7:00,0,0.395,8.353333333,3.435,1.745,0
7/9/2024 8:00,0,0.35,8.06,3.35,1.740833333,0
7/9/2024 9:00,0,0.35,7.8225,3.25,1.734166667,0
7/9/2024 10:00,0,0.35,7.59,3.0875,1.73,0
7/9/2024 11:00,0,0.35,7.390833333,3.025,1.725833333,0
7/9/2024 12:00,0,0.35,7.2175,2.9,1.72,0
7/9/2024 13:00,0,0.35,7,2.818333333,1.6975,0
7/9/2024 14:00,0,0.35,6.830833333,2.644166667,1.688333333,0
7/9/2024 15:00,0,0.35,6.663333333,2.49,1.691666667,0
7/9/2024 16:00,0,0.35,6.43,2.425,1.690833333,0
7/9/2024 17:00,0,0.35,6.2725,2.360833333,1.69,0
7/9/2024 18:00,0,0.35,6.1375,2.1075,1.695833333,0
7/9/2024 19:00,0,0.35,5.89,1.8725,1.7,0
7/9/2024 20:00,0,0.35,5.89,1.819166667,1.701666667,0
7/9/2024 21:00,0,0.35,5.76,1.725,1.71,0
7/9/2024 22:00,0,0.35,5.673333333,1.6325,1.705833333,0
7/9/2024 23:00,0,0.32,5.781666667,1.61,1.7,0
7/10/2024 0:00,0,0.29,5.89,1.535,1.695833333,0
7/10/2024 1:00,0,0.29,5.890833333,1.4375,1.691666667,0
7/10/2024 2:00,0,0.29,5.9,1.43,1.694166667,0
7/10/2024 3:00,0,0.29,5.748333333,1.32,1.699166667,0
7/10/2024 4:00,0,0.2525,5.64,1.266666667,1.691666667,0
7/10/2024 5:00,0,0.24,5.488333333,1.2425,1.690833333,0
7/10/2024 6:00,0,0.24,5.12,1.2075,1.6875,0
7/10/2024 7:00,0,0.24,4.76,1.176666667,1.68,0
7/10/2024 8:00,0,0.24,4.458333333,1.116666667,1.670833333,0
7/10/2024 9:00,0,0.24,4.22,1.104166667,1.67,0
7/10/2024 10:00,0,0.24,4.055,1.063333333,1.66,0
7/10/2024 11:00,0,0.24,3.860833333,1.04,1.66,0
7/10/2024 12:00,0,0.24,3.8,1.02,1.65,0
7/10/2024 13:00,0,0.24,3.765,0.98,1.643333333,0
7/10/2024 14:00,0,0.24,3.615,0.933333333,1.643333333,0
7/10/2024 15:00,0,0.21,3.6,0.855,1.6375,0
7/10/2024 16:00,0,0.225,3.416666667,0.845833333,1.6325,0
7/10/2024 17:00,0,0.24,3.45,0.833333333,1.638333333,0
7/10/2024 18:00,0,0.24,3.55,0.760833333,1.646666667,0
7/10/2024 19:00,0,0.24,3.6,0.673333333,1.658333333,0
7/10/2024 20:00,0,0.24,3.6,0.673333333,1.6575,0
7/10/2024 21:00,0,0.235,3.6,0.6525,1.658333333,0
7/10/2024 22:00,0,0.24,3.533333333,0.615,1.673333333,0
7/10/2024 23:00,0,0.24,3.4075,0.583333333,1.68,0
7/11/2024 0:00,0,0.24,3.41,0.56,1.6725,0.18
7/11/2024 1:00,0,0.248333333,3.299166667,0.53,1.66,0.18
7/11/2024 2:00,0,0.261666667,3.22,0.51,1.666666667,0.18
7/11/2024 3:00,0,19.58333333,3.4825,0.536666667,2.016666667,0.18
7/11/2024 4:00,0.013333333,50.56666667,9.320833333,0.674166667,2.260833333,0.18
7/11/2024 5:00,0.001666667,37.49166667,11.8,1.6625,2.0525,0.18
7/11/2024 6:00,0,23.20833333,10.57666667,2.843333333,1.958333333,0.18
7/11/2024 7:00,0,16.38333333,8.314166667,4.071666667,1.894166667,0.18
7/11/2024 8:00,0,11.02166667,6.126666667,6.295,1.825,0.18
7/11/2024 9:00,0,7.5675,5.551666667,6.231666667,1.781666667,0.18
7/11/2024 10:00,0,5.283333333,5.811666667,5.981666667,1.766666667,0.18
7/11/2024 11:00,0,3.9725,5.323333333,5.72,1.7475,0.18
7/11/2024 12:00,0,2.9025,4.78,5.434166667,1.725,0.18
7/11/2024 13:00,0,2.309166667,4.431666667,5.176666667,1.715,0.18
7/11/2024 14:00,0,1.7875,4.23,5.0125,1.705,0.18
7/11/2024 15:00,0,1.515833333,4.2875,4.75,1.700833333,0.18
7/11/2024 16:00,0,1.25,4.551666667,4.4175,1.696666667,0.18
7/11/2024 17:00,0,1.121666667,5.06,4.22,1.71,0.18
7/11/2024 18:00,0,0.985,5.3475,3.935,1.710833333,0.18
7/11/2024 19:00,0,0.85,5.493333333,3.655,1.716666667,0.18
7/11/2024 20:00,0,0.7225,5.669166667,3.4625,1.7175,0.18
7/11/2024 21:00,0,0.6175,5.691666667,3.2625,1.715,0.18
7/11/2024 22:00,0,0.53,5.756666667,3.075,1.710833333,0.18
7/11/2024 23:00,0,0.505,5.865,2.9625,1.71,0.18
7/12/2024 0:00,0,0.47,5.93,2.783333333,1.71,1.67
7/12/2024 1:00,0,0.465,5.908333333,2.701666667,1.708333333,1.67
7/12/2024 2:00,0,0.41,5.67,2.576666667,1.703333333,1.67
7/12/2024 3:00,0,0.41,5.67,2.49,1.7,1.67
7/12/2024 4:00,0,0.395,5.67,2.446666667,1.700833333,1.67
7/12/2024 5:00,0,0.35,5.67,2.36,1.700833333,1.67
7/12/2024 6:00,0,0.35,5.628333333,2.3,1.7,1.67
7/12/2024 7:00,0,0.345,5.42,2.24,1.7,1.67
7/12/2024 8:00,0,0.29,5.42,2.166666667,1.696666667,1.67
7/12/2024 9:00,0,0.29,5.42,2.12,1.695833333,1.67
7/12/2024 10:00,0,0.29,5.42,2.02,1.693333333,1.67
7/12/2024 11:00,0,0.29,5.42,2.01,1.698333333,1.67
7/12/2024 12:00,0.000833333,0.31,5.42,2.06,1.6975,1.67
7/12/2024 13:00,0,6.445833333,5.42,2.01,1.696666667,1.67
7/12/2024 14:00,0,1.274166667,5.42,2.0875,1.7,1.67
7/12/2024 15:00,0,2.753333333,5.571666667,2.24,1.705,1.67
7/12/2024 16:00,0,2.599166667,6.12,2.383333333,1.750833333,1.67
7/12/2024 17:00,0,22.32,6.28,10.7025,2.240833333,1.67
7/12/2024 18:00,0.045833333,151.5416667,56.91083333,148.2666667,7.260833333,1.67
7/12/2024 19:00,0.061666667,152.5833333,485.5833333,275.5,7.448333333,1.67
7/12/2024 20:00,0.006666667,100.6333333,397.5833333,164.3333333,7.045,1.67
7/12/2024 21:00,0.0125,102.35,344.1666667,150.75,6.3725,1.67
7/12/2024 22:00,0.009166667,63.9,304.6666667,131.5,5.52,1.67
7/12/2024 23:00,0.0025,41.08333333,275.8333333,117.0833333,4.8425,1.67
7/13/2024 0:00,0,29.56666667,248.9166667,104.9,4.355,0.01
7/13/2024 1:00,0,23.425,220.75,95.24166667,3.976666667,0.01
7/13/2024 2:00,0,19.63333333,192.1666667,86.43333333,3.7175,0.01
7/13/2024 3:00,0,16.825,170.6666667,78.525,3.5525,0.01
7/13/2024 4:00,0,17.55,153.9166667,71.84166667,3.425,0.01
7/13/2024 5:00,0.000833333,19.90833333,140.6666667,66.15833333,3.278333333,0.01
7/13/2024 6:00,0,17.04166667,129.8333333,60.80833333,3.163333333,0.01
7/13/2024 7:00,0,13.99166667,120,56,3.059166667,0.01
7/13/2024 8:00,0,11.75833333,109.8333333,51.175,2.9725,0.01
7/13/2024 9:00,0,10.185,101.8,46.9,2.893333333,0.01
7/13/2024 10:00,0,8.68,94.7,42.875,2.824166667,0.01
7/13/2024 11:00,0,7.485833333,89.05,39.19166667,2.758333333,0.01
7/13/2024 12:00,0,6.3225,83.38333333,35.525,2.701666667,0.01
7/13/2024 13:00,0,5.540833333,78,32.54166667,2.641666667,0.01
7/13/2024 14:00,0,5.015833333,73.35,29.90833333,2.585,0.01
7/13/2024 15:00,0,4.566666667,69.31666667,27.85,2.536666667,0.01
7/13/2024 16:00,0,4.055833333,65.23333333,26.28333333,2.490833333,0.01
7/13/2024 17:00,0,3.614166667,61.06666667,25,2.4525,0.01
7/13/2024 18:00,0,3.17,57.11666667,23.74166667,2.420833333,0.01
7/13/2024 19:00,0,2.715,53.48333333,22.33333333,2.393333333,0.01
7/13/2024 20:00,0,2.573333333,50.29166667,21.30833333,2.358333333,0.01
7/13/2024 21:00,0,2.24,47.225,20.625,2.325,0.01
7/13/2024 22:00,0,1.9625,44.53333333,19.725,2.298333333,0.01
7/13/2024 23:00,0,1.8425,42.05,18.98333333,2.263333333,0.01
7/14/2024 0:00,0,1.5675,39.93333333,18.30833333,2.236666667,0
7/14/2024 1:00,0,1.491666667,37.86666667,17.70833333,2.214166667,0
7/14/2024 2:00,0,1.274166667,36.14166667,16.96666667,2.1925,0
7/14/2024 3:00,0,1.25,34.38333333,15.96666667,2.17,0
7/14/2024 4:00,0,1.066666667,32.76666667,14.99166667,2.15,0
7/14/2024 5:00,0,1.03,31.28333333,14.08333333,2.128333333,0
7/14/2024 6:00,0,1,29.94166667,13.375,2.114166667,0
7/14/2024 7:00,0,0.85,28.51666667,12.70833333,2.091666667,0
7/14/2024 8:00,0,0.85,27.35833333,12.125,2.071666667,0
7/14/2024 9:00,0,0.835833333,26.15,11.575,2.055833333,0
7/14/2024 10:00,0,0.708333333,24.93333333,10.95,2.0425,0
7/14/2024 11:00,0,0.68,23.9,10.45,2.025,0
7/14/2024 12:00,0,0.68,22.95,9.961666667,1.999166667,0
7/14/2024 13:00,0,0.6675,22.00833333,9.505,1.9775,0
7/14/2024 14:00,0,0.5425,21.25,8.985833333,1.960833333,0
7/14/2024 15:00,0,0.53,20.55833333,8.185,1.95,0
7/14/2024 16:00,0,0.525,20,7.72,1.943333333,0
7/14/2024 17:00,0,0.475,19.33333333,6.934166667,1.940833333,0
7/14/2024 18:00,0,0.47,18.75,6.421666667,1.944166667,0
7/14/2024 19:00,0,0.47,18.01666667,5.761666667,1.94,0
7/14/2024 20:00,0,0.455,17.28333333,5.379166667,1.925,0
7/14/2024 21:00,0,0.415,16.275,5.085,1.915833333,0
7/14/2024 22:00,0,0.41,15.70833333,4.6975,1.908333333,0
7/14/2024 23:00,0,0.385,14.975,4.515,1.898333333,0
7/15/2024 0:00,0,0.35,14.51666667,4.253333333,1.89,0
7/15/2024 1:00,0,0.35,14.1,4.07,1.8825,0
7/15/2024 3:00,0,0.295,12.9,3.573333333,1.868333333,0
7/15/2024 5:00,0,0.29,12.03333333,3.2375,1.855833333,0
7/15/2024 6:00,0,0.29,11.7,3.1625,1.85,0
7/15/2024 7:00,0,0.29,11.26666667,3.05,1.8475,0
7/15/2024 8:00,0,0.29,11,2.975,1.84,0
7/15/2024 9:00,0,0.285833333,10.6,2.9,1.833333333,0
7/15/2024 10:00,0,0.265,10.325,2.818333333,1.83,0
7/15/2024 11:00,0,0.256666667,10.1,2.701666667,1.825,0
7/15/2024 12:00,0,0.244166667,9.775,2.555,1.81,0
7/15/2024 13:00,0,0.24,9.476666667,2.446666667,1.795833333,0
7/15/2024 14:00,0,0.24,9.218333333,2.29,1.785,0
7/15/2024 15:00,0,0.24,9.02,2.175833333,1.784166667,0
7/15/2024 16:00,0,0.24,8.7725,2.13,1.784166667,0
7/15/2024 17:00,0,0.24,8.635,2.023333333,1.790833333,0
7/15/2024 18:00,0,0.24,8.3875,1.794166667,1.793333333,0
7/15/2024 19:00,0,0.2525,8.093333333,3.4025,1.7925,0
7/15/2024 20:00,0,0.29,7.833333333,2.606666667,1.789166667,0
7/15/2024 21:00,0,0.29,7.626666667,1.990833333,1.784166667,0
7/15/2024 22:00,0,0.29,7.35,1.735,1.78,0
7/15/2024 23:00,0,0.29,7.13,1.6025,1.771666667,0
7/16/2024 0:00,0,0.29,7.13,1.535,1.77,0
7/16/2024 1:00,0,0.29,6.960833333,1.4525,1.77,0
7/16/2024 2:00,0,0.29,6.84,1.34,1.77,0
7/16/2024 3:00,0,0.285833333,6.695,1.248333333,1.765,0
7/16/2024 4:00,0,0.265,6.46,1.19,1.760833333,0
7/16/2024 5:00,0,0.285833333,6.28,1.136666667,1.76,0
7/16/2024 6:00,0,0.29,6.0775,1.080833333,1.753333333,0
7/16/2024 7:00,0,0.29,6.01,1.04,1.75,0
7/16/2024 8:00,0,0.29,5.88,1.030833333,1.748333333,0
7/16/2024 9:00,0,0.29,5.75,1,1.743333333,0
7/16/2024 10:00,0,0.281666667,5.555,0.98,1.74,0
7/16/2024 11:00,0,0.24,5.49,0.91,1.738333333,0
7/16/2024 12:00,0,0.24,5.3025,0.91,1.7275,0
7/16/2024 13:00,0,0.24,5.24,0.91,1.725833333,0
7/16/2024 14:00,0,0.24,5.24,0.87,1.7125,0
7/16/2024 15:00,0,0.24,5.02,0.820833333,1.7075,0
7/16/2024 16:00,0,0.24,4.94,0.808333333,1.705,0
7/16/2024 17:00,0,0.24,4.76,0.8075,1.714166667,0
7/16/2024 18:00,0,0.24,4.721666667,0.736666667,1.725833333,0
7/16/2024 19:00,0,0.24,4.5525,0.69,1.725,0
7/16/2024 20:00,0,0.24,4.54,0.69,1.718333333,0
7/16/2024 21:00,0,0.24,4.348333333,0.681666667,1.7125,0
7/16/2024 22:00,0,0.24,4.31,0.660833333,1.71,0
7/16/2024 23:00,0,0.24,4.205,0.635833333,1.71,0
7/17/2024 0:00,0,0.24,4.07375,0.598333333,1.715,0
7/17/2024 1:00,0,0.24,4.1725,0.710833333,1.7475,0
7/17/2024 10:00,0,0.24,5.239166667,1.230833333,1.74,0
7/17/2024 11:00,0,0.24,5.26,1.19,1.733333333,0
7/17/2024 12:00,0,0.24,5.26,1.143333333,1.725,0
7/17/2024 13:00,0,0.24,5.26,1.11,1.7125,0
7/17/2024 14:00,0,0.24,5.26,1.0925,1.700833333,0
7/17/2024 15:00,0,0.24,5.24,0.995,1.7025,0
7/17/2024 16:00,0,0.24,5.04,0.98,1.700833333,0
7/17/2024 17:00,0,0.24,5.02,0.960833333,1.711666667,0
7/17/2024 18:00,0,0.24,4.96,0.839166667,1.714166667,0
7/17/2024 19:00,0,0.24,4.78,0.755,1.718333333,0
7/17/2024 20:00,0,0.24,4.741666667,0.719166667,1.714166667,0
7/17/2024 21:00,0,0.24,4.569166667,0.694166667,1.71,0
7/17/2024 22:00,0,0.24,4.476666667,0.681666667,1.71,0
7/17/2024 23:00,0,0.24,4.348333333,0.685833333,1.706666667,0
7/18/2024 0:00,0,0.24,4.311666667,0.78,1.710833333,0.9
7/18/2024 1:00,0,0.24,4.165,0.85,1.713333333,0.9
7/18/2024 2:00,0,0.24,4.11,0.825,1.71,0.9
7/18/2024 3:00,0,0.244166667,4.075,0.825,1.71,0.9
7/18/2024 4:00,0,0.24,3.9,0.8,1.704166667,0.9
7/18/2024 5:00,0,0.24,3.8,0.8,1.7,0.9
7/18/2024 6:00,0,0.24,3.7,0.804166667,1.695833333,0.9
7/18/2024 7:00,0,0.24,3.633333333,0.875,1.69,0.9
7/18/2024 8:00,0,0.24,3.516666667,0.88,1.6925,0.9
7/18/2024 9:00,0,0.24,3.5,0.8,1.693333333,0.9
7/18/2024 10:00,0,0.24,3.5,0.76,1.69,0.9
7/18/2024 11:00,0,0.24,3.5,0.74,1.69,0.9
7/18/2024 12:00,0,0.24,3.389166667,0.74,1.69,0.9
7/18/2024 13:00,0,0.24,3.31,0.74,1.69,0.9
7/18/2024 14:00,0,0.24,3.31,0.7275,1.685,0.9
7/18/2024 15:00,0,0.24,3.295,0.694166667,1.659166667,0.9
7/18/2024 16:00,0,0.24,3.16,0.6775,1.653333333,0.9
7/18/2024 17:00,0,0.24,3.240833333,0.554166667,1.663333333,0.9
7/18/2024 18:00,0,0.24,3.145833333,0.446666667,1.676666667,0.9
7/18/2024 19:00,0,0.24,3.13,0.4025,1.690833333,0.9
7/18/2024 20:00,0,0.244166667,3.13,0.395833333,1.700833333,0.9
7/18/2024 21:00,0,0.713333333,3.4625,0.8975,4.268333333,0.9
7/18/2024 22:00,0.051666667,62.825,166.9641667,169.825,6.688333333,0.9
7/18/2024 23:00,0.023333333,108.2166667,210.1666667,109.6083333,4.99,0.9
7/19/2024 0:00,0,56.85,159.25,46.44166667,3.794166667,0.12
7/19/2024 1:00,0,32.74166667,111,35.4,3.2875,0.12
7/19/2024 2:00,0.004166667,25.56666667,103.0833333,34.56666667,3.279166667,0.12
7/19/2024 3:00,0.0025,27.86666667,99.55,36.075,3.1175,0.12
7/19/2024 4:00,0,25.98333333,93.1,32.86666667,2.965833333,0.12
7/19/2024 5:00,0,20.08333333,86.74166667,30.61666667,2.836666667,0.12
7/19/2024 6:00,0,15.58333333,80.83333333,29.45833333,2.738333333,0.12
7/19/2024 7:00,0,12.41666667,75.5,27.775,2.656666667,0.12
7/19/2024 8:00,0,9.566666667,70.90833333,26.46666667,2.591666667,0.12
7/19/2024 9:00,0,7.750833333,66.85,25.2,2.534166667,0.12
7/19/2024 10:00,0,6.265,62.45,23.875,2.4875,0.12
7/19/2024 11:00,0,5.378333333,57.51666667,22.70833333,2.435,0.12
7/19/2024 12:00,0,4.710833333,54.01666667,21.75,2.4,0.12
7/19/2024 13:00,0,4.011666667,51.35,20.88333333,2.361666667,0.12
7/19/2024 14:00,0,3.33,48.16666667,20.15,2.32,0.12
7/19/2024 15:00,0,2.7525,45.3,19.375,2.289166667,0.12
7/19/2024 16:00,0,2.211666667,42.85,18.575,2.35,0.12
7/19/2024 17:00,0,1.87,42.18333333,17.88333333,2.520833333,0.12
7/19/2024 18:00,0,2.46,46.675,17.16666667,2.61,0.12
7/19/2024 19:00,0.001666667,4.914166667,48,16.26666667,2.558333333,0.12
7/19/2024 20:00,0,4.710833333,47.69166667,15.56666667,2.485,0.12
7/19/2024 21:00,0.000833333,5.28,43.975,14.84166667,2.4075,0.12
7/19/2024 22:00,0,3.925833333,40.275,14.26666667,2.333333333,0.12
7/19/2024 23:00,0.000833333,3.746666667,37.45,13.775,2.276666667,0.12
7/20/2024 0:00,0,2.865,34.89166667,13.15,2.228333333,0.05
7/20/2024 1:00,0,2.211666667,32.7,12.50833333,2.188333333,0.05
7/20/2024 2:00,0,1.76,31.05833333,12.2,2.155833333,0.05
7/20/2024 3:00,0,1.4675,29.425,11.775,2.1275,0.05
7/20/2024 4:00,0,1.25,28.11666667,11.225,2.101666667,0.05
7/20/2024 5:00,0,1.158333333,26.81666667,10.675,2.0775,0.05
7/20/2024 6:00,0,1.03,25.675,10.275,2.055833333,0.05
7/20/2024 7:00,0.0025,1.048333333,24.7,9.934166667,2.04,0.05
7/20/2024 8:00,0,1.5775,23.8,9.82,2.023333333,0.05
7/20/2024 9:00,0,1.103333333,23,9.4825,2.011666667,0.05
7/20/2024 10:00,0.000833333,1.346666667,22.3,9.218333333,1.995833333,0.05
7/20/2024 11:00,0,1.6225,21.5,8.8575,1.985,0.05
7/20/2024 12:00,0,1.443333333,20.7,8.423333333,1.969166667,0.05
7/20/2024 13:00,0,1.158333333,20,7.835,1.951666667,0.05
7/20/2024 14:00,0,1.03,19.45,7.44,1.945833333,0.05
7/20/2024 15:00,0,0.955,18.99166667,7.011666667,1.931666667,0.05
7/20/2024 16:00,0,0.85,18.49166667,6.526666667,1.931666667,0.05
7/20/2024 17:00,0,0.7225,17.85,6.3775,1.92,0.05
7/20/2024 18:00,0,0.655,17.30833333,5.941666667,1.909166667,0.05
7/20/2024 19:00,0,0.555,16.76666667,5.565833333,1.9025,0.05
7/20/2024 20:00,0,0.53,16.33333333,5.195833333,1.8975,0.05
7/20/2024 21:00,0,0.51,15.78333333,4.8725,1.89,0.05
7/20/2024 22:00,0,0.47,15.2,4.530833333,1.88,0.05
7/20/2024 23:00,0,0.47,14.77,4.42,1.87,0.05
7/21/2024 0:00,0,0.43,14.36666667,4.719166667,1.869166667,0
7/21/2024 1:00,0.000833333,0.41,13.96666667,4.530833333,1.869166667,0
7/21/2024 2:00,0,0.41,13.9,4.5625,1.89,0
7/21/2024 3:00,0,0.45,13.56666667,4.226666667,1.910833333,0
7/21/2024 4:00,0,0.795,13.4,3.935,1.913333333,0
7/21/2024 5:00,0,5.2875,13.36666667,3.67,1.9025,0
7/21/2024 6:00,0,3.724166667,13.1,3.52,1.884166667,0
7/21/2024 7:00,0,2.4775,13,3.364166667,1.87,0
7/21/2024 8:00,0,1.6775,13,3.275,1.86,0
7/21/2024 9:00,0,1.28,12.86666667,3.2875,1.854166667,0
7/21/2024 10:00,0,0.985,12.6,3.35,1.845833333,0
7/21/2024 11:00,0,0.85,12.26666667,3.3125,1.838333333,0
7/21/2024 12:00,0,0.68,11.86666667,3.2,1.83,0
7/21/2024 13:00,0,0.655,11.63333333,3.0625,1.825,0
7/21/2024 14:00,0,0.53,11.36666667,3,1.8125,0
7/21/2024 15:00,0,0.515,11,2.841666667,1.809166667,0
7/21/2024 16:00,0,0.47,10.63333333,2.655,1.8025,0
7/21/2024 17:00,0,0.47,10.4,2.609166667,1.795833333,0
7/21/2024 18:00,0,0.47,10.08666667,2.425833333,1.799166667,0
7/21/2024 19:00,0,0.435,9.888333333,2.175833333,1.8,0
7/21/2024 20:00,0,0.41,9.746666667,2.09,1.799166667,0
7/21/2024 21:00,0,0.41,9.57,1.943333333,1.8,0
7/21/2024 22:00,0,0.4,9.368333333,1.8825,1.794166667,0
7/21/2024 23:00,0,0.35,9.198333333,1.836666667,1.788333333,0
7/22/2024 0:00,0,0.35,8.915,1.809166667,1.7875,0.83
7/22/2024 1:00,0,0.35,8.775,1.8,1.781666667,0.83
7/22/2024 2:00,0,0.35,8.5,1.725,1.78,0.83
7/22/2024 3:00,0,0.31,8.286666667,1.7,1.778333333,0.83
7/22/2024 4:00,0,0.29,8.1,1.625,1.774166667,0.83
7/22/2024 5:00,0,0.29,7.863333333,1.61,1.770833333,0.83
7/22/2024 6:00,0,13.65,7.844166667,1.658333333,2.126666667,0.83
7/22/2024 7:00,0.023333333,200.4166667,12.29666667,36.89916667,3.5225,0.83
7/22/2024 8:00,0.013333333,169.1666667,32.11666667,71.49166667,3.719166667,0.83
7/22/2024 9:00,0.009166667,93.925,50.85833333,81.56666667,3.171666667,0.83
7/22/2024 10:00,0.001666667,55.575,60.35833333,74.95,2.833333333,0.83
7/22/2024 11:00,0,38.09166667,63,70.975,2.685,0.83
7/22/2024 12:00,0.000833333,28.58333333,64.28333333,66.7,2.615833333,0.83
7/22/2024 13:00,0.000833333,23.325,67.30833333,61.775,2.588333333,0.83
7/22/2024 14:00,0,20.35,69.50833333,56.93333333,2.570833333,0.83
7/22/2024 15:00,0,18.05833333,70.1,52.29166667,2.550833333,0.83
7/22/2024 16:00,0,15.575,70.7,48.18333333,2.533333333,0.83
7/22/2024 17:00,0,13.45,70.6,44.075,2.52,0.83
7/22/2024 18:00,0,11.91666667,69.60833333,39.9,2.5075,0.83
7/22/2024 19:00,0,10.25416667,68.04166667,35.94166667,2.488333333,0.83
7/22/2024 20:00,0,13.47,65.56666667,32.85833333,2.460833333,0.83
7/22/2024 21:00,0.003333333,141.9583333,63.30909091,54.84166667,2.575,0.83
7/22/2024 22:00,0.0025,154.7166667,65.83333333,80,4.4975,0.83
7/22/2024 23:00,0.014166667,63.25,85.39166667,87.78333333,4.015,0.83
7/23/2024 0:00,0,48.96666667,98.19166667,75.76666667,3.335833333,0
7/23/2024 1:00,0,35.44166667,101.9166667,70,3.101666667,0
7/23/2024 2:00,0,27.925,98.55,65.3,2.965,0
7/23/2024 3:00,0,23.36666667,95.75,60.16666667,2.88,0
7/23/2024 4:00,0,20.3,93.33333333,55.28333333,2.8225,0
7/23/2024 5:00,0,18.175,89.40833333,51.08333333,2.76,0
7/23/2024 6:00,0,16.04166667,85.61666667,46.75833333,2.710833333,0
7/23/2024 7:00,0,14.35,82.11666667,42.86666667,2.6625,0
7/23/2024 8:00,0,12.73333333,78.41666667,39.44166667,2.618333333,0
7/23/2024 9:00,0,11.05,75.00833333,36.16666667,2.575,0
7/23/2024 10:00,0,9.634166667,71.8,33.15,2.535,0
7/23/2024 11:00,0,8.41,69.15,30.525,2.493333333,0
7/23/2024 12:00,0,7.415833333,65.425,28.375,2.453333333,0
7/23/2024 13:00,0,6.671666667,61.85833333,26.825,2.403333333,0
7/23/2024 14:00,0,5.865833333,58.46666667,25.59166667,2.358333333,0
7/23/2024 15:00,0,5.27,55.43333333,24.28333333,2.325833333,0
7/23/2024 16:00,0,4.914166667,52.575,23.24166667,2.306666667,0
7/23/2024 17:00,0,4.710833333,50.05833333,22.2,2.283333333,0
7/23/2024 18:00,0,4.286666667,47.375,20.95833333,2.265833333,0
7/23/2024 19:00,0,3.7025,44.84166667,19.93333333,2.239166667,0
7/23/2024 20:00,0,3.45,42.675,19.15833333,2.23,0
7/23/2024 21:00,0,3.13,41.85833333,18.43333333,3.458333333,0
7/23/2024 22:00,0,28.79916667,66.21666667,17.725,3.275833333,0
7/23/2024 23:00,0,22.24166667,68.125,17.15,2.748333333,0
7/24/2024 0:00,0,16.05,54.175,17.1,2.51,0.46
7/24/2024 1:00,0,12.03333333,47.775,16.9,2.383333333,0.46
7/24/2024 2:00,0,8.751666667,42.21666667,16.36666667,2.295,0.46
7/24/2024 3:00,0,6.741666667,38.53333333,15.7,2.240833333,0.46
7/24/2024 4:00,0,5.540833333,35.93333333,15.125,2.251666667,0.46
7/24/2024 5:00,0.009166667,109.2033333,35.88333333,54.75833333,5.009166667,0.46
7/24/2024 6:00,0.014166667,205.8333333,147.4166667,124.5,6.658333333,0.46
7/24/2024 7:00,0.010833333,113.8,215.25,150.75,5.4225,0.46
7/24/2024 8:00,0,57.15,187.4166667,102.475,4.345,0.46
7/24/2024 9:00,0,38.60833333,160.6666667,88.875,3.811666667,0.46
7/24/2024 10:00,0.004166667,33.7,152.5,83.85,3.625833333,0.46
7/24/2024 11:00,0,35.58333333,147.25,79.38333333,3.4975,0.46
7/24/2024 12:00,0,29.18333333,139.4166667,72.41666667,3.301666667,0.46
7/24/2024 13:00,0,23.98333333,128,68,3.1525,0.46
7/24/2024 14:00,0,20.7,119.0833333,62.58333333,3.0525,0.46
7/24/2024 15:00,0,18.33333333,112.3333333,57.18333333,2.965,0.46
7/24/2024 16:00,0,16.65,106.25,52.49166667,2.891666667,0.46
7/24/2024 17:00,0,14.81666667,100.3833333,47.88333333,2.818333333,0.46
7/24/2024 18:00,0,12.94166667,94.73333333,43.675,2.755,0.46
7/24/2024 19:00,0,10.83083333,89.51666667,39.525,2.703333333,0.46
7/24/2024 20:00,0,9.224166667,84.81818182,35.89166667,2.6525,0.46
7/24/2024 21:00,0,8.4775,79.88333333,32.85833333,2.601666667,0.46
7/24/2024 22:00,0,6.98,75.04166667,29.925,2.550833333,0.46
7/24/2024 23:00,0,5.703333333,71.74166667,27.825,2.505833333,0.46
7/25/2024 0:00,0,5.015833333,68.15,26.45833333,2.465833333,1.02
7/25/2024 1:00,0,4.566666667,64.11666667,25.2,2.425833333,1.02
7/25/2024 2:00,0,4.1,60.125,23.95833333,2.388333333,1.02
7/25/2024 3:00,0,3.746666667,56.83333333,22.98333333,2.351666667,1.02
7/25/2024 4:00,0,3.53,53.75,22.075,2.315833333,1.02
7/25/2024 5:00,0,3.09,50.75,21.21666667,2.284166667,1.02
7/25/2024 6:00,0,2.94,48.15,20.425,2.2525,1.02
7/25/2024 7:00,0,2.64,45.6,19.74166667,2.226666667,1.02
7/25/2024 8:00,0,2.506666667,43.18333333,19.06666667,2.205833333,1.02
7/25/2024 9:00,0.0025,2.24,41.63333333,18.75,2.209166667,1.02
7/25/2024 10:00,0.004166667,13.44833333,42.69166667,19.04166667,2.3475,1.02
7/25/2024 11:00,0.003333333,17.88333333,43,20.00833333,2.318333333,1.02
7/25/2024 12:00,0,15.65,41.71666667,18.925,2.266666667,1.02
7/25/2024 13:00,0,11.9,39.48333333,18.21666667,2.2325,1.02
7/25/2024 14:00,0.000833333,15.675,39.26666667,18.36666667,2.22,1.02
7/25/2024 15:00,0.005833333,22.075,38.46666667,19.725,2.225,1.02
7/25/2024 16:00,0,20.75,37.6,19.98333333,2.254166667,1.02
7/25/2024 17:00,0,17.525,36.79166667,19.525,2.2275,1.02
7/25/2024 18:00,0,13.125,36.5,19.91666667,2.2,1.02
7/25/2024 19:00,0,22.45833333,38.20833333,25.55833333,5.880833333,1.02
7/25/2024 20:00,0.054166667,59.83333333,333.2916667,274.5833333,7.145833333,1.02
7/25/2024 21:00,0.014166667,58.91666667,405.8333333,175.3333333,6.145,1.02
7/25/2024 22:00,0,56.55,303.5833333,115.8333333,5.045,1.02
7/25/2024 23:00,0,44.34166667,242.75,104.5833333,4.358333333,1.02
7/26/2024 0:00,0,32.96666667,211.75,95.83333333,3.985,0
7/26/2024 1:00,0,26.75,188.5,87.65833333,3.715833333,0
7/26/2024 2:00,0,22.6,168.5833333,80.75833333,3.529166667,0
7/26/2024 3:00,0,19.81666667,153,74.225,3.3975,0
7/26/2024 4:00,0,17.575,141.25,68.66666667,3.2825,0
7/26/2024 5:00,0,15.34166667,131.4166667,63.01666667,3.189166667,0
7/26/2024 6:00,0,13.64166667,122.4166667,57.40833333,3.1075,0
7/26/2024 7:00,0,11.68333333,114.4166667,52.35,3.034166667,0
7/26/2024 8:00,0,10.185,106.5833333,47.7,2.966666667,0
7/26/2024 9:00,0,8.883333333,99.53333333,43.53333333,2.901666667,0
7/26/2024 10:00,0,7.810833333,93.55,39.73333333,2.844166667,0
7/26/2024 11:00,0,6.856666667,88.00833333,36.40833333,2.79,0
7/26/2024 12:00,0,6.2075,82.29166667,33.55,2.743333333,0
7/26/2024 13:00,0,5.540833333,77.3,30.94166667,2.694166667,0
7/26/2024 14:00,0,5.015833333,72.61666667,28.625,2.649166667,0
7/26/2024 15:00,0,4.613333333,69.075,27.05833333,2.606666667,0
7/26/2024 16:00,0,4.1,65.775,25.73333333,2.565833333,0
7/26/2024 17:00,0,3.7025,61.79166667,24.38333333,2.5325,0
7/26/2024 18:00,0,3.57,58.18333333,23.34166667,2.495,0
7/26/2024 19:00,0,3.45,54.73636364,22.38333333,2.454166667,0
7/26/2024 20:00,0,3.0525,50.75,21.30833333,2.419166667,0
7/26/2024 21:00,0,2.6775,48.55833333,20.55,2.385,0
7/26/2024 22:00,0,2.473333333,46.075,19.85,2.355,0
7/26/2024 23:00,0,2.24,43.79166667,19.21666667,2.325833333,0
7/27/2024 0:00,0,1.931666667,41.58333333,18.65,2.2975,0
7/27/2024 1:00,0,1.87,39.63333333,18.05,2.268333333,0
7/27/2024 2:00,0,1.6225,37.96666667,17.44166667,2.245833333,0
7/27/2024 3:00,0,1.54,36.275,16.8,2.220833333,0
7/27/2024 4:00,0,1.491666667,34.66666667,15.86666667,2.199166667,0
7/27/2024 5:00,0,1.25,33.20833333,14.98333333,2.18,0
7/27/2024 6:00,0,1.25,31.70833333,14.33333333,2.1625,0
7/27/2024 7:00,0,1.25,30.54166667,13.55833333,2.143333333,0
7/27/2024 8:00,0,1.103333333,29.38333333,12.95,2.1275,0
7/27/2024 9:00,0,1.03,28.30833333,12.325,2.1125,0
7/27/2024 10:00,0,1.03,27.05,11.8,2.0975,0
7/27/2024 11:00,0,1.03,26.19166667,11.2,2.080833333,0
7/27/2024 12:00,0,1.03,25.15,10.75,2.0625,0
7/27/2024 13:00,0,0.925,24.35,10.1775,2.038333333,0
7/27/2024 14:00,0,0.85,23.5,9.73,2.018333333,0
7/27/2024 15:00,0,0.85,22.6,9.155,2.004166667,0
7/27/2024 16:00,0,0.835833333,21.85,8.545,1.991666667,0
7/27/2024 17:00,0,0.736666667,21.1,8.040833333,1.984166667,0
7/27/2024 18:00,0,0.68,20.10833333,6.94,1.989166667,0
7/27/2024 19:00,0,0.68,19.88333333,6.231666667,1.981666667,0
7/27/2024 20:00,0,0.655,18.975,5.800833333,1.968333333,0
7/27/2024 21:00,0,0.5425,18.275,5.416666667,1.959166667,0
7/27/2024 22:00,0,0.53,17.65,5.0675,1.950833333,0
7/27/2024 23:00,0,0.53,17.025,4.82,1.943333333,0
7/28/2024 0:00,0,0.49,16.48333333,4.68,1.934166667,0
7/28/2024 1:00,0,0.47,15.98333333,4.499166667,1.923333333,0
7/28/2024 2:00,0,0.47,15.525,4.37,1.9175,0
7/28/2024 3:00,0,0.47,15.03333333,4.205,1.91,0
7/28/2024 4:00,0,0.47,14.75,4.04,1.9075,0
7/28/2024 5:00,0,0.47,14.36666667,4.025,1.9,0
7/28/2024 6:00,0,0.47,14.01666667,3.875,1.891666667,0
7/28/2024 7:00,0,0.455,13.6,3.755,1.8825,0
7/28/2024 8:00,0,0.43,13.23333333,3.626666667,1.879166667,0
7/28/2024 9:00,0,0.42,12.96666667,3.4775,1.87,0
7/28/2024 10:00,0,0.41,12.66666667,3.364166667,1.86,0
7/28/2024 11:00,0,0.41,12.4,3.2625,1.859166667,0
7/28/2024 12:00,0,0.41,11.94166667,3.2,1.845,0
7/28/2024 13:00,0,0.41,11.6,3.1875,1.825833333,0
7/28/2024 14:00,0,0.41,11.375,3.0625,1.8125,0
7/28/2024 15:00,0,0.41,11.2,2.876666667,1.816666667,0
7/28/2024 16:00,0,0.41,11.03333333,2.806666667,1.8125,0
7/28/2024 17:00,0,0.41,10.5,2.725,1.816666667,0
7/28/2024 18:00,0,0.41,10.46666667,2.448333333,1.82,0
7/28/2024 19:00,0,0.41,8.17,2.1475,1.815833333,0
7/28/2024 20:00,0,0.375,8.01,2.035,1.8125,0
7/28/2024 21:00,0,0.355,7.725833333,1.951666667,1.808333333,0
7/28/2024 22:00,0,0.35,7.493333333,1.864166667,1.800833333,0
7/28/2024 23:00,0,0.35,7.315,1.91,1.798333333,0
7/29/2024 0:00,0,0.35,7.090833333,1.836666667,1.790833333,0.16
7/29/2024 1:00,0,0.35,6.9,1.8,1.786666667,0.16
7/29/2024 2:00,0,0.335,6.808333333,1.775,1.785,0.16
7/29/2024 3:00,0,0.305,6.689166667,1.741666667,1.786666667,0.16
7/29/2024 4:00,0,0.3,6.52,1.7,1.7825,0.16
7/29/2024 5:00,0,0.29,6.4075,1.6625,1.778333333,0.16
7/29/2024 6:00,0,0.29,6.25,1.6175,1.77,0.16
7/29/2024 7:00,0,0.29,6.1825,1.61,1.77,0.16
7/29/2024 8:00,0,0.29,5.98,1.61,1.77,0.16
7/29/2024 9:00,0,0.29,5.98,1.61,1.769166667,0.16
7/29/2024 10:00,0,0.29,5.741666667,1.58,1.760833333,0.16
7/29/2024 11:00,0,0.29,5.72,1.52,1.758333333,0.16
7/29/2024 12:00,0,0.3,5.59,1.52,1.750833333,0.16
7/29/2024 13:00,0,0.34,5.439166667,1.4375,1.746666667,0.16
7/29/2024 14:00,0,0.345,5.314166667,1.4,1.7425,0.16
7/29/2024 15:00,0,0.35,5.36,1.3475,1.744166667,0.16
7/29/2024 16:00,0,0.35,5.22,1.34,1.740833333,0.16
7/29/2024 17:00,0,0.35,5.22,1.3475,1.744166667,0.16
7/29/2024 18:00,0,0.35,5.22,1.3625,1.749166667,0.16
7/29/2024 19:00,0.001666667,0.35,5.22,1.43,1.761666667,0.16
7/29/2024 20:00,0.005,0.785,5.56,1.535,1.8325,0.16
7/29/2024 21:00,0.005833333,3.798333333,6.85,2.005833333,2.004166667,0.16
7/29/2024 22:00,0.000833333,14.08333333,7.135,2.804166667,1.978333333,0.16
7/29/2024 23:00,0,13.15833333,7.590833333,3.369166667,1.993333333,0.16
7/30/2024 0:00,0,8.631666667,7.590833333,3.0375,1.944166667,0
7/30/2024 1:00,0,5.045,7.41,3.270833333,1.895833333,0
7/30/2024 2:00,0,3.1775,7.9025,3.505833333,1.875,0
7/30/2024 3:00,0,2.1525,8.36,3.435,1.87,0
7/30/2024 4:00,0,1.574166667,8.36,3.35,1.86,0
7/30/2024 5:00,0,1.158333333,8.093333333,3.2,1.85,0
7/30/2024 6:00,0,0.955,8.04,3.1375,1.8425,0
7/30/2024 7:00,0,0.835833333,8.04,3.05,1.84,0
7/30/2024 8:00,0,0.68,8.014166667,3.05,1.835833333,0
7/30/2024 9:00,0,0.6175,7.8075,2.925,1.83,0
7/30/2024 10:00,0,0.53,7.73,2.876666667,1.823333333,0
7/30/2024 11:00,0,0.53,7.73,2.771666667,1.815833333,0
7/30/2024 12:00,0,0.53,7.523333333,2.76,1.805,0
7/30/2024 13:00,0,0.525,7.420833333,2.62,1.788333333,0
7/30/2024 14:00,0,0.47,7.43,2.565833333,1.786666667,0
7/30/2024 15:00,0,0.47,7.205,2.446666667,1.785,0
7/30/2024 16:00,0,0.47,7.13,2.36,1.78,0
7/30/2024 17:00,0,0.47,7.13,2.3,1.786666667,0
7/30/2024 18:00,0,0.47,6.888333333,2.061666667,1.788181818,0
7/31/2024 2:00,0,0.35,6.01,1.685,1.796666667,0
7/31/2024 3:00,0,0.35,6.01,1.61,1.788333333,0
7/31/2024 4:00,0,0.35,5.988333333,1.6025,1.78,0
7/31/2024 5:00,0,0.35,5.75,1.535,1.775833333,0
7/31/2024 6:00,0,0.35,5.75,1.52,1.770833333,0
7/31/2024 7:00,0,0.35,5.75,1.52,1.7725,0
7/31/2024 8:00,0,0.35,5.75,1.52,1.77,0
7/31/2024 9:00,0,0.35,5.75,1.52,1.77,0
7/31/2024 10:00,0,0.35,5.583333333,1.505,1.768333333,0
7/31/2024 11:00,0,0.35,5.5,1.5275,1.764166667,0
7/31/2024 12:00,0,0.35,5.5,1.4975,1.759166667,0
7/31/2024 13:00,0,0.35,5.395833333,1.4375,1.759166667,0
7/31/2024 14:00,0,0.35,5.25,1.415,1.7275,0
7/31/2024 15:00,0,0.35,5.25,1.340833333,1.721666667,0
7/31/2024 16:00,0,0.4,5.25,1.306666667,1.725833333,0
7/31/2024 17:00,0,0.365,5.25,1.26,1.7275,0
7/31/2024 18:00,0,0.38,5.318181818,11.095,1.736666667,0
7/31/2024 19:00,0,0.39,5.333333333,2.75,1.74,0
7/31/2024 20:00,0,0.36,5.149166667,1.3325,1.74,0
7/31/2024 21:00,0,0.35,5.168333333,0.988333333,1.74,0
7/31/2024 22:00,0,0.35,4.940833333,0.895,1.730833333,0
7/31/2024 23:00,0,0.35,4.92,0.87,1.73,0
8/1/2024 0:00,0,0.35,5.14,0.905,1.730833333,0
8/1/2024 1:00,0,0.35,5.365,0.85,1.736666667,0
8/1/2024 2:00,0,0.35,5.385833333,0.841666667,1.74,0
8/1/2024 3:00,0,0.35,5.281666667,0.8,1.74,0
8/1/2024 4:00,0,0.345,5.24,0.8,1.74,0
8/1/2024 5:00,0,0.34,5.094166667,0.78,1.731666667,0
8/1/2024 6:00,0,0.29,4.99,0.74,1.7325,0
8/1/2024 7:00,0,0.29,4.97,0.74,1.7325,0
8/1/2024 8:00,0,0.29,4.77,0.74,1.735,0
8/1/2024 9:00,0,0.29,4.75,0.74,1.73,0
8/1/2024 10:00,0,0.29,4.654166667,0.74,1.725833333,0
8/1/2024 11:00,0,0.29,4.539166667,0.74,1.720833333,0
8/1/2024 12:00,0,0.29,4.52,0.74,1.714166667,0
8/1/2024 13:00,0,0.29,4.41,0.74,1.695833333,0
8/1/2024 14:00,0,0.29,4.295,0.723333333,1.685833333,0
8/1/2024 15:00,0,0.29,4.29,0.669166667,1.69,0
8/1/2024 16:00,0,0.29,4.29,0.6775,1.689166667,0
8/1/2024 17:00,0,0.305,4.115,0.665,1.6975,0
8/1/2024 18:00,0,0.35,4.0725,0.556666667,1.7025,0
8/1/2024 19:00,0,0.35,4.07,0.45,1.706666667,0
8/1/2024 20:00,0,0.35,3.9475,0.463333333,1.709166667,0
8/1/2024 21:00,0,0.35,3.86,0.5,1.7,0
8/1/2024 22:00,0,0.335,3.826666667,0.483333333,1.7,0
8/1/2024 23:00,0,0.315,3.693333333,0.48,1.7,0
8/2/2024 0:00,0,0.29,3.66,0.5,1.6975,0
8/2/2024 1:00,0,0.29,3.625833333,0.526666667,1.695833333,0
8/2/2024 2:00,0,0.29,3.46,0.543333333,1.693333333,0
8/2/2024 3:00,0,0.29,3.46,0.546666667,1.690833333,0
8/2/2024 4:00,0,0.29,3.396666667,0.536666667,1.69,0
8/2/2024 5:00,0,0.29,3.26,0.51,1.69,0
8/2/2024 6:00,0,0.281666667,3.26,0.51,1.69,0
8/2/2024 7:00,0,0.256666667,3.26,0.51,1.69,0
8/2/2024 8:00,0,0.265,3.26,0.51,1.69,0
8/2/2024 9:00,0,0.273333333,3.215,0.513333333,1.69,0
8/2/2024 10:00,0,0.265,3.095,0.54,1.69,0
8/2/2024 11:00,0,0.281666667,3.08,0.55,1.688333333,0
8/2/2024 12:00,0,0.285833333,3.074166667,0.55,1.68,0
8/2/2024 13:00,0,0.29,3.07,0.526666667,1.668333333,0
8/2/2024 14:00,0,0.29,3.07,0.52,1.6575,0
8/2/2024 15:00,0,0.265,3.07,0.506666667,1.653333333,0
8/2/2024 16:00,0,0.29,3.055,0.503333333,1.6625,0
8/2/2024 17:00,0,0.29,3.07,0.51,1.67,0
8/2/2024 18:00,0,0.305,3.07,0.46,1.676666667,0
8/2/2024 19:00,0,0.35,3.07,0.4,1.68,0
8/2/2024 20:00,0,0.35,3.07,0.393333333,1.68,0
8/2/2024 21:00,0,0.325,3.07,0.4,1.685,0
8/2/2024 22:00,0,0.305,3.07,0.4,1.6875,0
8/2/2024 23:00,0,0.295,3.235,0.4,1.69,0
8/3/2024 0:00,0,0.29,3.085,0.4,1.69,0.54
8/3/2024 1:00,0,2.166666667,2.89,0.42,1.6825,0.54
8/3/2024 2:00,0,3.686666667,2.8175,0.43,1.68,0.54
8/3/2024 3:00,0,2.066666667,2.71,0.463333333,1.68,0.54
8/3/2024 4:00,0,1.2675,2.71,0.486666667,1.676666667,0.54
8/3/2024 5:00,0,0.925,2.696666667,0.463333333,1.675,0.54
8/3/2024 6:00,0,0.669166667,2.71,0.436666667,1.679166667,0.54
8/3/2024 7:00,0,0.53,2.656666667,0.43,1.68,0.54
8/3/2024 8:00,0,0.475,2.696666667,0.4275,1.68,0.54
8/3/2024 9:00,0,0.44,2.669166667,0.43,1.68,0.54
8/3/2024 10:00,0,0.41,2.653333333,0.433333333,1.68,0.54
8/3/2024 11:00,0,0.395,2.596666667,0.46,1.679166667,0.54
8/3/2024 12:00,0,0.355,2.473333333,0.46,1.6725,0.54
8/3/2024 13:00,0,0.35,2.2925,0.47,1.6575,0.54
8/3/2024 14:00,0,0.35,2.3175,0.463333333,1.645833333,0.54
8/3/2024 15:00,0,0.35,2.473333333,0.4275,1.645833333,0.54
8/3/2024 16:00,0,0.325,2.54,0.43,1.6525,0.54
8/3/2024 17:00,0,0.305,2.54,0.43,1.66,0.54
8/3/2024 18:00,0,0.29,2.54,0.388333333,1.665,0.54
8/3/2024 19:00,0,0.29,2.54,0.35,1.670833333,0.54
8/3/2024 20:00,0,0.29,2.54,0.3475,1.670833333,0.54
8/3/2024 21:00,0,0.29,2.501666667,0.4025,1.670833333,0.54
8/3/2024 22:00,0.009166667,0.315,2.4775,0.674166667,3.064166667,0.54
8/3/2024 23:00,0.016666667,21.19333333,26.31416667,16.56833333,4.328333333,0.54
8/4/2024 0:00,0.011666667,71.15833333,42.03333333,27.75833333,3.275,2.2
8/4/2024 1:00,0.0075,43.61666667,47.725,22.21666667,2.908333333,2.2
8/4/2024 2:00,0,33.4,40.39166667,19.39166667,2.5925,2.2
8/4/2024 3:00,0,23.4,33.175,17.59166667,2.380833333,2.2
8/4/2024 4:00,0,16.925,31.41666667,17.16666667,2.278333333,2.2
8/4/2024 5:00,0,12.0975,30.075,15.6,2.21,2.2
8/4/2024 6:00,0,8.025833333,28.85,14.58333333,2.163333333,2.2
8/4/2024 7:00,0,5.659166667,27.875,13.75833333,2.121666667,2.2
8/4/2024 8:00,0,4.289166667,26.63333333,13.00833333,2.086666667,2.2
8/4/2024 9:00,0,3.41,25.38333333,12.4,2.058333333,2.2
8/4/2024 10:00,0,2.865,24.35,11.85,2.031666667,2.2
8/4/2024 11:00,0,2.44,23.4,11.35,2.01,2.2
8/4/2024 12:00,0,2.1475,22.5,10.875,1.988333333,2.2
8/4/2024 13:00,0,1.87,21.56666667,10.375,1.961666667,2.2
8/4/2024 14:00,0,1.5675,20.85,9.915,1.949166667,2.2
8/4/2024 15:00,0,1.298333333,20.00833333,9.5275,1.935833333,2.2
8/4/2024 16:00,0,1.048333333,19.23333333,8.889166667,1.93,2.2
8/4/2024 17:00,0,0.985,18.6,8.186666667,1.915,2.2
8/4/2024 18:00,0,0.85,17.84166667,23.56833333,1.9075,2.2
8/4/2024 19:00,0,0.835833333,17.175,86.15,1.901666667,2.2
8/4/2024 20:00,0,0.68,16.59166667,86.6,1.891666667,2.2
8/4/2024 21:00,0,0.655,16.38333333,85.31666667,1.891666667,2.2
8/4/2024 22:00,0,4.686666667,19.75,85.54166667,3.01,2.2
8/4/2024 23:00,0.055833333,114.1166667,180.225,304,7.736666667,2.2
8/5/2024 0:00,0.0675,278.9166667,683.9166667,495.6666667,8.1025,0
8/5/2024 1:00,0.06,90.96666667,870.9166667,542.9166667,7.9875,0
8/5/2024 2:00,0,45.88333333,625.75,383.8333333,7.656666667,0
8/5/2024 3:00,0,30.35833333,573.5833333,286.6666667,7.333333333,0
8/5/2024 4:00,0,22.875,561,233.8333333,7.024166667,0
8/5/2024 5:00,0,18.38333333,516.4166667,204.3333333,6.606666667,0
8/5/2024 6:00,0,14.875,451.4166667,182,6.090833333,0
8/5/2024 7:00,0,12.05,402.0833333,163.75,5.576666667,0
8/5/2024 8:00,0,10.47333333,356.9166667,148.5833333,5.111666667,0
8/5/2024 9:00,0,9.155,317,135.9166667,4.7,0
8/5/2024 10:00,0,7.876666667,279.6666667,124.3333333,4.3425,0
8/5/2024 11:00,0,6.733333333,244.3333333,115,4.066666667,0
8/5/2024 12:00,0,5.869166667,218.3333333,107.3333333,3.848333333,0
8/5/2024 13:00,0,5.4325,196.75,100.7916667,3.678333333,0
8/5/2024 14:00,0,5.923333333,178,95.45,3.535833333,0
8/5/2024 15:00,0,5.324166667,162.5833333,91.18333333,3.425,0
8/5/2024 16:00,0,4.715,149.8333333,87.6,3.32,0
8/5/2024 17:00,0,3.923333333,139.3333333,84.85,3.230833333,0
8/5/2024 18:00,0,3.37,131.25,83.20833333,3.16,0
8/5/2024 19:00,0,3.0525,123.6666667,82.55,3.099166667,0
8/5/2024 20:00,0,2.64,116.5833333,82.1,3.035,0
8/5/2024 21:00,0,2.44,111,81.8,2.984166667,0
8/5/2024 22:00,0,2.209166667,106,81.55,2.975,0
8/5/2024 23:00,0,1.87,102.75,81.5,2.930833333,0
8/6/2024 0:00,0,1.76,99.33333333,81.55,2.888333333,0.14
8/6/2024 1:00,0,1.54,96.7,81.35,2.8575,0.14
8/6/2024 2:00,0,2.261666667,94.85,81.35,2.835,0.14
8/6/2024 3:00,0,2.245,93.175,81.4,2.8125,0.14
8/6/2024 4:00,0,1.705,91.46666667,81.25,2.795,0.14
8/6/2024 5:00,0,1.491666667,90.6,81.45,2.7825,0.14
8/6/2024 6:00,0,1.25,90.05833333,81.45,2.7725,0.14
8/6/2024 7:00,0,1.14,88.825,81.45,2.760833333,0.14
8/6/2024 8:00,0,1.03,88.00833333,81.5,2.751666667,0.14
8/6/2024 9:00,0,1,87.46666667,81.3,2.743333333,0.14
8/6/2024 10:00,0,0.865,86.925,81.5,2.7375,0.14
8/6/2024 11:00,0,0.85,86.275,81.4,2.728333333,0.14
8/6/2024 12:00,0,0.85,86.275,81.4,2.716666667,0.14
8/6/2024 13:00,0,0.821666667,85.625,81.25,2.709166667,0.14
8/6/2024 14:00,0,0.68,85.40833333,81.4,2.704166667,0.14
8/6/2024 15:00,0,0.68,85.3,81.025,2.700833333,0.14
8/6/2024 16:00,0,3.841666667,84.86666667,80.53333333,2.700833333,0.14
8/6/2024 17:00,0.005833333,26.225,84.54166667,85.05833333,2.701666667,0.14
8/6/2024 18:00,0,58.55833333,84.43333333,96.66666667,2.6975,0.14
8/6/2024 19:00,0,44.39166667,84.65,90.26666667,2.704166667,0.14
8/6/2024 20:00,0,30.16666667,86.6,85.69166667,2.725,0.14
8/6/2024 21:00,0.001666667,24.58333333,88.55,83.95,2.749166667,0.14
8/6/2024 22:00,0.000833333,19.49166667,89.95833333,83,2.77,0.14
8/6/2024 23:00,0.001666667,17.53333333,90.60833333,82.95,2.779166667,0.14
8/7/2024 0:00,0.001666667,16.275,90.71666667,82.7,2.783333333,0.17
8/7/2024 1:00,0,15.51666667,90.59166667,82.55,2.77,0.17
8/7/2024 2:00,0.000833333,13.69166667,90.03333333,82.4,2.760833333,0.17
8/7/2024 3:00,0,11.29166667,88.88333333,82.15,2.7575,0.17
8/7/2024 4:00,0.001666667,9.496666667,88.55833333,82.2,2.749166667,0.17
8/7/2024 5:00,0,8.275,87.90833333,82.2,2.741666667,0.17
8/7/2024 6:00,0,8.275,87.58333333,82.15,2.731666667,0.17
8/7/2024 7:00,0,6.98,86.825,82.05,2.720833333,0.17
8/7/2024 8:00,0,6.0925,86.28333333,81.9,2.715,0.17
8/7/2024 9:00,0.000833333,5.015833333,85.74166667,81.9,2.711666667,0.17
8/7/2024 10:00,0.000833333,4.66,85.74166667,81.85,2.709166667,0.17
8/7/2024 11:00,0,4.146666667,85.09166667,81.54166667,2.7,0.17
8/7/2024 12:00,0,5.02,85.09166667,37.30833333,2.698333333,0.17
8/7/2024 13:00,0,4.613333333,84.44166667,8.875833333,2.689166667,0.17
8/7/2024 14:00,0,4.1,82.45833333,4.1825,2.645,0.17
8/7/2024 15:00,0,4.193333333,75.24166667,2.8575,2.58,0.17
8/7/2024 16:00,0,3.923333333,66.29166667,2.385,2.518333333,0.17
8/7/2024 17:00,0.000833333,3.0575,58.825,2.109166667,2.488333333,0.17
8/7/2024 18:00,0,2.473333333,51.46666667,2.07,2.405,0.17
8/7/2024 19:00,0.000833333,2.116666667,45.325,1.943333333,2.361666667,0.17
8/7/2024 20:00,0,1.87,40.425,1.918333333,2.311666667,0.17
8/7/2024 21:00,0,1.5675,36.09166667,1.900833333,2.245833333,0.17
8/7/2024 22:00,0,1.491666667,32.38333333,1.758333333,2.199166667,0.17
8/7/2024 23:00,0,1.25,29.49166667,1.6625,2.184166667,0.17
8/8/2024 0:00,0.001666667,1.563333333,29.08333333,1.823333333,2.276666667,3.91
8/8/2024 1:00,0.006666667,7.343333333,28.79166667,2.425833333,2.283333333,3.91
8/8/2024 2:00,0.0025,14.47166667,28.3,3.663333333,2.281666667,3.91
8/8/2024 3:00,0.000833333,15.10833333,26.33333333,4.18,2.324166667,3.91
8/8/2024 4:00,0.003333333,20.03333333,29.3,4.76,3.133333333,3.91
8/8/2024 5:00,0.015833333,51.59166667,46.725,26.02,4.075833333,3.91
8/8/2024 6:00,0.014166667,99.5,77.78333333,59.51666667,4.951666667,3.91
8/8/2024 7:00,0.015833333,125,137.6666667,87.90833333,6.251666667,3.91
8/8/2024 8:00,0.0175,197.9166667,265.4166667,151.4166667,7.845833333,3.91
8/8/2024 9:00,0.03,410.5,602.4166667,330.9166667,8.359166667,3.91
8/8/2024 10:00,0.0475,656.6666667,892.9166667,443,8.5275,3.91
8/8/2024 11:00,0.018333333,703.1666667,955.4166667,352.5833333,8.683333333,3.91
8/8/2024 12:00,0.025833333,601.5833333,998.5,413.0833333,8.7775,3.91
8/8/2024 13:00,0.031666667,452.1666667,1007.166667,482.0833333,8.810833333,3.91
8/8/2024 14:00,0.006666667,323.5,1005,514.6666667,8.88,3.91
8/8/2024 15:00,0.0275,361.3333333,1079.166667,570.9166667,8.8775,3.91
8/8/2024 16:00,0.005,276.25,1054.166667,565.75,8.8625,3.91
8/8/2024 17:00,0.016666667,317.5833333,1090.833333,593.4166667,8.941666667,3.91
8/8/2024 18:00,0.043333333,397.5,1195.833333,687.5,8.988333333,3.91
8/8/2024 19:00,0,201.4166667,1201.666667,634.25,8.959166667,3.91
8/8/2024 20:00,0,105.95,1195,576.3333333,8.875833333,3.91
8/8/2024 21:00,0,74.95,1185.833333,530.1666667,8.774166667,3.91
8/8/2024 22:00,0.001666667,61.1,1148.333333,477.0833333,8.683333333,3.91
8/8/2024 23:00,0.000833333,53.89166667,1092.5,421.4166667,8.58,3.91
8/9/2024 0:00,0.000833333,52.93333333,1008,361.9166667,8.443333333,0.53
8/9/2024 1:00,0,53.45,893.3333333,303.5,8.269166667,0.53
8/9/2024 2:00,0,45.76666667,767.25,260.5,8.016666667,0.53
8/9/2024 3:00,0.000833333,47.125,638.0833333,229.75,7.616666667,0.53
8/9/2024 4:00,0,56.16666667,514.4166667,204.75,7.074166667,0.53
8/9/2024 5:00,0,54.18333333,424.75,186.5,6.460833333,0.53
8/9/2024 6:00,0.003333333,54.73333333,371.8333333,173,5.843333333,0.53
8/9/2024 7:00,0,57.08333333,330.75,159.6666667,5.340833333,0.53
8/9/2024 8:00,0,46.65,296.0833333,147.8333333,4.9575,0.53
8/9/2024 9:00,0.000833333,40.5,267.1666667,138.3333333,4.77,0.53
8/9/2024 10:00,0.014166667,55.61666667,258.0833333,162.6666667,4.993333333,0.53
8/9/2024 11:00,0.003333333,53.10833333,262.0833333,156.25,4.78,0.53
8/9/2024 12:00,0,44.71666667,252.9166667,139.0833333,4.5775,0.53
8/9/2024 13:00,0.005,80.8,245.6666667,161.0833333,5.418333333,0.53
8/9/2024 14:00,0.016666667,109.9166667,288.75,206.5,5.580833333,0.53
8/9/2024 15:00,0,79.83333333,300.6666667,175.5,5.158333333,0.53
8/9/2024 16:00,0,58.44166667,284.5833333,157.6666667,4.805,0.53
8/9/2024 17:00,0,47.4,264.25,144.5,4.5375,0.53
8/9/2024 18:00,0,40.2,245.4166667,132.0833333,4.334166667,0.53
8/9/2024 19:00,0,35.175,227.4166667,120.4166667,4.155833333,0.53
8/9/2024 20:00,0,31.71666667,210.75,110.25,3.995,0.53
8/9/2024 21:00,0,28.9,193.9166667,101.65,3.8375,0.53
8/9/2024 22:00,0,26.45833333,177.4166667,93.525,3.7,0.53
8/9/2024 23:00,0,24.4,164.4166667,86.275,3.5825,0.53
8/10/2024 0:00,0,22.8,151.25,78.91666667,3.4775,0.28
8/10/2024 1:00,0,21.5,140.1666667,72.9,3.375833333,0.28
8/10/2024 2:00,0,20.35,130.8333333,67.55,3.2875,0.28
8/10/2024 3:00,0.003333333,39,122.9166667,77.45833333,3.235,0.28
8/10/2024 4:00,0.02,40.75833333,118.5833333,87.6,3.186666667,0.28
8/10/2024 5:00,0,32.85,114.25,77,3.1525,0.28
8/10/2024 6:00,0,28.35833333,111.1666667,72.36666667,3.108333333,0.28
8/10/2024 7:00,0,24.45,105.6666667,67.40833333,3.063333333,0.28
8/10/2024 8:00,0,22.15,101.125,62.75,3.015833333,0.28
8/10/2024 9:00,0,20.65,98.11666667,58.44166667,2.976666667,0.28
8/10/2024 10:00,0,19.375,94.25,54.41666667,2.935,0.28
8/10/2024 11:00,0,18.4,89.89166667,50.75,2.889166667,0.28
8/10/2024 12:00,0,17.65,85.34166667,47.125,2.843333333,0.28
8/10/2024 13:00,0,16.8,81.65,44.50833333,2.794166667,0.28
8/10/2024 14:00,0,15.98333333,77.85833333,42.06666667,2.745,0.28
8/10/2024 15:00,0,15.05,74.09166667,39.15,2.71,0.28
8/10/2024 16:00,0,14.40833333,70.76666667,36.48333333,2.679166667,0.28
8/10/2024 17:00,0,13.94166667,67.64166667,34.13333333,2.646666667,0.28
8/10/2024 18:00,0,13.29166667,64.53333333,31.125,2.613333333,0.28
8/10/2024 19:00,0,12.48333333,61.15,28.64166667,2.586666667,0.28
8/10/2024 20:00,0,11.58333333,57.94166667,27.19166667,2.5425,0.28
8/10/2024 21:00,0,10.6,54.65833333,26,2.4975,0.28
8/10/2024 22:00,0,9.77,52,25,2.459166667,0.28
8/10/2024 23:00,0,9.018333333,49.65,24.08333333,2.4275,0.28
8/11/2024 0:00,0,8.4775,47.175,23.39166667,2.394166667,0
8/11/2024 1:00,0,8.008333333,45,22.73333333,2.361666667,0
8/11/2024 2:00,0,7.35,43.06666667,22.00833333,2.330833333,0
8/11/2024 3:00,0,6.98,41.08333333,21.53333333,2.3025,0
8/11/2024 4:00,0,6.61,38.9,20.98333333,2.265,0
8/11/2024 5:00,0,6.38,37.1,20.45833333,2.240833333,0
8/11/2024 6:00,0,5.92,35.74166667,20.025,2.221666667,0
8/11/2024 7:00,0,5.92,34.2,19.54166667,2.200833333,0
8/11/2024 8:00,0,5.811666667,32.725,19.08333333,2.181666667,0
8/11/2024 9:00,0,5.324166667,31.66666667,18.675,2.165,0
8/11/2024 10:00,0,5.27,30.58333333,18.3,2.15,0
8/11/2024 11:00,0,5.27,29.675,17.98333333,2.135,0
8/11/2024 12:00,0,4.761666667,28.85,17.65,2.12,0
8/11/2024 13:00,0,4.66,28,17.33333333,2.095,0
8/11/2024 14:00,0,4.66,27,16.9,2.07,0
8/11/2024 15:00,0,4.38,26.175,16,2.070833333,0
8/11/2024 16:00,0,4.1,25.2,15.26666667,2.055833333,0
8/11/2024 17:00,0,4.1,24.56666667,14.85833333,2.05,0
8/11/2024 18:00,0,3.923333333,23.65,13.7,2.038333333,0
8/11/2024 19:00,0,3.57,22.75,12.89166667,2.030833333,0
8/11/2024 20:00,0,3.49,22.09166667,12.425,2.02,0
8/11/2024 21:00,0,3.09,21.6,11.95,2.011666667,0
8/11/2024 22:00,0,3.015,20.95,11.675,2.003333333,0
8/11/2024 23:00,0,2.64,20.26666667,11.275,1.9925,0
8/12/2024 0:00,0,2.64,19.65,10.975,1.984166667,0
8/12/2024 1:00,0,2.573333333,19.125,10.45,1.988333333,0
8/12/2024 2:00,0,2.24,19.125,10.055,2.304166667,0
8/12/2024 3:00,0,2.24,18.65,9.73,2.245,0
8/12/2024 4:00,0,2.24,17.81666667,9.4375,2.05,0
8/12/2024 5:00,0,1.900833333,17.4,9.37,1.990833333,0
8/12/2024 6:00,0,1.87,16.9,9.283333333,1.968333333,0
8/12/2024 7:00,0,1.87,16.60833333,9.046666667,1.9575,0
8/12/2024 8:00,0,1.87,16.15,8.761666667,1.95,0
8/12/2024 9:00,0,1.87,15.86666667,8.606666667,1.940833333,0
8/12/2024 10:00,0,1.87,15.65833333,8.243333333,1.948333333,0
8/12/2024 11:00,0,1.76,15.4,8.039166667,1.94,0
8/12/2024 12:00,0,1.54,15.03333333,7.835,1.926666667,0
8/12/2024 13:00,0,1.54,14.91666667,7.66,1.92,0
8/12/2024 14:00,0,1.54,14.58333333,7.5775,1.919166667,0
8/12/2024 15:00,0,1.54,14.5,7.3575,1.914166667,0
8/12/2024 16:00,0,1.54,14.46666667,7.143333333,1.909166667,0
8/12/2024 17:00,0,1.54,14.13333333,6.7775,1.905,0
8/12/2024 18:00,0,1.395,14.1,6.591666667,1.901666667,0
8/12/2024 19:00,0,1.346666667,13.725,6.2525,1.9025,0
8/12/2024 20:00,0,1.25,13.43333333,5.981666667,1.9,0
8/12/2024 21:00,0,1.25,13.11666667,5.8,1.89,0
8/12/2024 22:00,0,1.25,12.7,5.604166667,1.89,0
8/12/2024 23:00,0,1.25,12.43333333,5.47,1.883333333,0
8/13/2024 0:00,0,1.25,12.3,5.451666667,1.88,0.02
8/13/2024 1:00,0,1.18,12.23333333,5.25,1.873333333,0.02
8/13/2024 2:00,0,1.04,11.9,5.231666667,1.87,0.02
8/13/2024 3:00,0,1.04,11.63333333,5.066666667,1.8675,0.02
8/13/2024 4:00,0,1.04,11.5,5.03,1.860833333,0.02
8/13/2024 5:00,0,0.865833333,11.33333333,5.03,1.86,0.02
8/13/2024 6:00,0,0.85,11.1,4.9775,1.86,0.02
8/13/2024 7:00,0,0.85,11.03333333,4.82,1.856666667,0.02
8/13/2024 8:00,0,0.85,10.73333333,4.82,1.85,0.02
8/13/2024 9:00,0,0.85,10.675,4.7675,1.85,0.02
8/13/2024 10:00,0,0.85,10.45,4.645,1.85,0.02
8/13/2024 11:00,0,0.85,10.255,4.61,1.845,0.02
8/13/2024 12:00,0,0.779166667,9.985833333,4.594166667,1.838333333,0.02
8/13/2024 13:00,0,0.85,9.98,4.42,1.8225,0.02
8/13/2024 14:00,0,0.865833333,9.921666667,4.353333333,1.8275,0.02
8/13/2024 15:00,0,0.85,9.86,4.175,1.826666667,0.02
8/13/2024 16:00,0,0.85,9.620833333,4.07,1.8275,0.02
8/13/2024 17:00,0,0.85,9.386666667,3.92,1.8275,0.02
8/13/2024 18:00,0,0.85,9.27,3.74,1.8275,0.02
8/13/2024 19:00,0,0.835833333,9.071666667,3.68,1.82,0.02
8/13/2024 20:00,0,0.765,8.93,3.68,1.82,0.02
8/13/2024 21:00,0,0.7225,8.845,3.68,1.816666667,0.02
8/13/2024 22:00,0,0.736666667,8.675,3.845,1.815,0.02
8/13/2024 23:00,0.001666667,0.793333333,8.7825,3.83,1.811666667,0.02
8/14/2024 0:00,0,1.188333333,8.7275,3.86,1.816666667,0.03
8/14/2024 1:00,0,1.525,8.59,3.89,1.82,0.03
8/14/2024 2:00,0,1.25,8.6175,4.085,1.82,0.03
8/14/2024 3:00,0.001666667,1.11,8.92,4.115,1.8275,0.03
8/14/2024 4:00,0,1.899166667,8.92,4.16,1.830833333,0.03
8/14/2024 5:00,0,2.25,9.201666667,4.04,1.83,0.03
8/14/2024 6:00,0,2.25,9.051666667,3.98,1.83,0.03
8/14/2024 7:00,0,2.25,8.91,3.875,1.8225,0.03
8/14/2024 8:00,0,2.034166667,8.6075,3.86,1.82,0.03
8/14/2024 9:00,0,1.88,8.58,3.86,1.815833333,0.03
8/14/2024 10:00,0,1.88,8.4675,3.8,1.81,0.03
8/14/2024 11:00,0,1.715,8.276666667,3.86,1.81,0.03
8/14/2024 12:00,0.000833333,1.5775,8.25,3.83,1.805,0.03
8/14/2024 13:00,0,1.55,8.249166667,3.86,1.7825,0.03
8/14/2024 14:00,0,1.55,8.0075,3.74,1.775833333,0.03
8/14/2024 15:00,0,1.55,7.924166667,3.533333333,1.773333333,0.03
8/14/2024 16:00,0,1.55,7.92,3.546666667,1.785833333,0.03
8/14/2024 17:00,0,1.55,7.6875,3.519166667,1.790833333,0.03
8/14/2024 18:00,0,1.429166667,7.61,3.1875,1.794166667,0.03
8/14/2024 19:00,0,1.26,7.41,2.95,1.7925,0.03
8/14/2024 20:00,0,1.095,7.300833333,2.795,1.788333333,0.03
8/14/2024 21:00,0,0.929166667,7.058333333,2.771666667,1.781666667,0.03
8/14/2024 22:00,0,0.85,7.01,2.725,1.78,0.03
8/14/2024 23:00,0,0.708333333,6.838333333,2.748333333,1.78,0.03
8/15/2024 0:00,0,0.68,6.735,2.76,1.774166667,0
8/15/2024 1:00,0,0.68,6.71,2.725,1.776666667,0
8/15/2024 2:00,0,0.68,6.71,2.62,1.78,0
8/15/2024 3:00,0,0.68,6.686666667,2.62,1.779166667,0
8/15/2024 4:00,0,0.681666667,6.43,2.62,1.7725,0
8/15/2024 5:00,0,0.665,6.43,2.609166667,1.770833333,0
8/15/2024 6:00,0,0.69,6.428333333,2.5875,1.77,0
8/15/2024 7:00,0,0.69,6.42,2.62,1.77,0
8/15/2024 8:00,0,0.6025,6.42,2.500833333,1.77,0
8/15/2024 9:00,0,0.54,6.42,2.49,1.769166667,0
8/15/2024 10:00,0,0.54,6.24,2.500833333,1.77,0
8/15/2024 11:00,0,0.54,6.145,2.49,1.77,0
8/15/2024 12:00,0,0.54,6.14,2.533333333,1.765,0
8/15/2024 13:00,0,0.54,6.14,2.533333333,1.743333333,0
8/15/2024 14:00,0,0.54,6.14,2.49,1.7375,0
8/15/2024 15:00,0,0.54,5.915,2.36,1.736666667,0
8/15/2024 16:00,0,0.54,5.87,2.36,1.748333333,0
8/15/2024 17:00,0,0.54,5.87,2.29,1.75,0
8/15/2024 18:00,0,0.54,5.87,2.1275,1.755,0
8/15/2024 19:00,0,0.54,5.74,1.951666667,1.753333333,0
8/15/2024 20:00,0,0.54,5.61,1.918333333,1.761666667,0
8/15/2024 21:00,0,0.54,5.61,1.900833333,1.750833333,0
8/15/2024 22:00,0,0.5225,5.603333333,1.8825,1.75,0
8/15/2024 23:00,0,0.475833333,5.4125,1.818333333,1.75,0
8/16/2024 0:00,0,0.475,5.35,1.8,1.746666667,0
8/16/2024 1:00,0,0.48,5.35,1.791666667,1.745833333,0
8/16/2024 2:00,0,0.48,5.183333333,1.783333333,1.750833333,0
8/16/2024 3:00,0,0.48,5.1,1.8,1.748333333,0
8/16/2024 4:00,0,0.48,5.1,1.8,1.746666667,0
8/16/2024 5:00,0,0.48,5.1,1.8,1.74,0
8/16/2024 6:00,0,0.48,5.1,1.8,1.74,0
8/16/2024 7:00,0,0.48,5.099166667,1.8,1.74,0
8/16/2024 8:00,0,0.48,4.950833333,1.766666667,1.74,0
8/16/2024 9:00,0,0.48,4.85,1.758333333,1.74,0
8/16/2024 10:00,0,0.48,4.85,1.836666667,1.74,0
8/16/2024 11:00,0,0.48,4.85,1.845833333,1.739166667,0
8/16/2024 12:00,0,0.48,4.85,1.891666667,1.735833333,0
8/16/2024 13:00,0,0.48,4.85,1.91,1.715,0
8/16/2024 14:00,0,0.48,4.85,1.900833333,1.705833333,0
8/16/2024 15:00,0,0.48,4.790833333,1.8,1.708333333,0
8/16/2024 16:00,0,0.48,4.67,1.800833333,1.716666667,0
8/16/2024 17:00,0,0.48,4.71,1.7925,1.7225,0
8/16/2024 18:00,0,0.48,4.61,1.6325,1.725,0
8/16/2024 19:00,0,0.48,4.61,1.46,1.726666667,0
8/16/2024 20:00,0,0.48,4.61,1.4375,1.7275,0
8/16/2024 21:00,0,0.48,4.5525,1.4225,1.723333333,0
8/16/2024 22:00,0,0.48,4.399166667,1.3775,1.72,0
8/16/2024 23:00,0,0.465,4.38,1.43,1.72,0
8/17/2024 0:00,0,0.43,4.38,1.43,1.719166667,0
8/17/2024 1:00,0,0.42,4.38,1.43,1.72,0
8/17/2024 2:00,0,0.42,4.251666667,1.415,1.719166667,0
8/17/2024 3:00,0,0.42,4.16,1.43,1.7175,0
8/17/2024 4:00,0,0.42,4.16,1.43,1.714166667,0
8/17/2024 5:00,0,0.42,4.123333333,1.43,1.71,0
8/17/2024 6:00,0,0.42,3.995,1.4075,1.71,0
8/17/2024 7:00,0,0.42,3.94,1.385,1.71,0
8/17/2024 8:00,0,0.42,3.94,1.3925,1.71,0
8/17/2024 9:00,0,0.42,3.94,1.385,1.71,0
8/17/2024 10:00,0,0.42,3.94,1.43,1.71,0
8/17/2024 11:00,0,0.42,3.8525,1.43,1.71,0
8/17/2024 12:00,0,0.42,3.765,1.4225,1.71,0
8/17/2024 13:00,0,0.42,3.73,1.385,1.694166667,0
8/17/2024 14:00,0,0.42,3.905,1.385,1.685833333,0
8/17/2024 15:00,0,0.42,3.938333333,1.34,1.685,0
8/17/2024 16:00,0,0.42,3.93,1.32,1.6975,0
8/17/2024 17:00,0,0.42,3.93,1.306666667,1.704166667,0
8/17/2024 18:00,0,0.42,3.93,1.236666667,1.703333333,0
8/17/2024 19:00,0,0.42,3.93,1.176666667,1.708333333,0
8/17/2024 20:00,0,0.42,3.93,1.13,1.71,0
8/17/2024 21:00,0,0.42,3.93,1.19,1.709166667,0
8/17/2024 22:00,0,0.42,3.93,1.219166667,1.705,0
8/17/2024 23:00,0,0.42,3.93,1.248333333,1.700833333,0
8/18/2024 0:00,0,0.42,3.93,1.219166667,1.701666667,0
8/18/2024 1:00,0,0.42,3.93,1.19,1.7,0
8/18/2024 2:00,0,0.42,3.859166667,1.176666667,1.7,0
8/18/2024 3:00,0,0.42,3.72,1.183333333,1.7,0
8/18/2024 4:00,0,0.42,3.72,1.13,1.7,0
8/18/2024 5:00,0,0.415,3.703333333,1.116666667,1.7,0
8/18/2024 6:00,0,0.385,3.67,1.136666667,1.7,0
8/18/2024 7:00,0,0.385,3.686666667,1.19,1.699166667,0
8/18/2024 8:00,0,0.38,3.695833333,1.254166667,1.699166667,0
8/18/2024 9:00,0,0.375,3.63,1.2425,1.699166667,0
8/18/2024 10:00,0,0.395,3.51,1.26,1.695,0
8/18/2024 11:00,0,0.415,3.61,1.26,1.694166667,0
8/18/2024 12:00,0,0.42,3.56,1.266666667,1.694166667,0
8/18/2024 13:00,0,0.42,3.543333333,1.273333333,1.675,0
8/18/2024 14:00,0,0.42,3.543333333,1.266666667,1.668333333,0
8/18/2024 15:00,0,0.42,3.51,1.2425,1.670833333,0
8/18/2024 16:00,0,0.42,3.56,1.266666667,1.681666667,0
8/18/2024 17:00,0,0.42,3.66,1.333333333,1.6875,0
8/18/2024 18:00,0,0.42,3.66,1.244166667,1.685833333,0
8/18/2024 19:00,0,0.42,3.623333333,1.136666667,1.69,0
8/18/2024 20:00,0,0.425,3.684166667,1.064166667,1.691666667,0
8/18/2024 21:00,0,0.42,3.503333333,1.04,1.69,0
8/18/2024 22:00,0,0.42,3.633333333,1.04,1.69,0
8/18/2024 23:00,0,0.42,3.7,1.051666667,1.69,0
8/19/2024 0:00,0,0.42,3.7,1.051666667,1.69,0
8/19/2024 1:00,0,0.42,3.65,1.051666667,1.6875,0
8/19/2024 2:00,0,0.41,3.5,1.0925,1.689166667,0
8/19/2024 3:00,0,0.365,3.5,1.11,1.686666667,0
8/19/2024 4:00,0,0.36,3.3575,1.04,1.686666667,0
8/19/2024 5:00,0,0.36,3.31,1.200833333,1.686666667,0
8/19/2024 6:00,0,0.36,3.31,1.370833333,1.69,0
8/19/2024 7:00,0,0.36,3.316666667,1.225,1.69,0
8/19/2024 8:00,0,0.36,3.481666667,1.123333333,1.69,0
8/19/2024 9:00,0,0.36,3.725,1.075,1.690833333,0
8/19/2024 10:00,0,0.36,3.865,1.04,1.7,0
8/19/2024 11:00,0,0.36,3.7425,1.045833333,1.7,0
8/19/2024 12:00,0,0.36,3.523333333,1.104166667,1.689166667,0
8/19/2024 13:00,0,0.36,3.49,1.098333333,1.681666667,0
8/19/2024 14:00,0,0.36,3.573333333,1.080833333,1.661666667,0
8/19/2024 15:00,0,0.36,3.64,1.04,1.6625,0
8/19/2024 16:00,0,0.36,3.673333333,1.069166667,1.679166667,0
8/19/2024 17:00,0,0.36,3.69,1.020833333,1.681666667,0
8/19/2024 18:00,0,0.36,3.6825,0.933333333,1.685,0
8/19/2024 19:00,0,0.395,3.68,0.829166667,1.683333333,0
8/19/2024 20:00,0,0.42,3.551666667,0.79,1.689166667,0
8/19/2024 21:00,0,0.42,3.48,0.795,1.681666667,0
8/19/2024 22:00,0,0.42,3.48,0.785,1.68,0
8/19/2024 23:00,0,0.42,3.4325,0.804166667,1.68,0
8/20/2024 0:00,0,0.42,3.3375,0.881666667,1.68,0
8/20/2024 1:00,0,0.395,3.29,1.083333333,1.68,0
8/20/2024 2:00,0,0.38,3.29,1.13,1.68,0
8/20/2024 3:00,0,0.375,3.283333333,1.069166667,1.68,0
8/20/2024 4:00,0,0.36,3.28,0.974166667,1.68,0
8/20/2024 5:00,0,0.38,3.28,0.91,1.68,0
8/20/2024 6:00,0,0.37,3.265,0.865,1.68,0
8/20/2024 7:00,0,0.36,3.138333333,0.85,1.68,0
8/20/2024 8:00,0,0.365,3.09,0.808333333,1.6825,0
8/20/2024 9:00,0,0.385,3.09,0.820833333,1.68,0
8/20/2024 10:00,0,0.42,3.09,0.85,1.68,0
8/20/2024 11:00,0,0.42,3,0.89,1.68,0
8/20/2024 12:00,0,0.42,2.91,0.875,1.676666667,0
8/20/2024 13:00,0,0.39,2.853333333,0.855,1.67,0
8/20/2024 14:00,0,0.385,2.8675,0.85,1.663333333,0
8/20/2024 15:00,0,0.39,2.91,0.85,1.663333333,0
8/20/2024 16:00,0,0.36,2.901666667,0.825,1.670833333,0
8/20/2024 17:00,0,0.4,2.9,0.804166667,1.673333333,0
8/20/2024 18:00,0,0.42,2.9,0.8,1.67,0
8/20/2024 19:00,0,0.42,2.9,0.78,1.67,0
8/20/2024 20:00,0,0.42,2.9,0.765,1.6725,0
8/20/2024 21:00,0,0.42,2.9,0.775,1.671666667,0
8/20/2024 22:00,0,0.42,2.9,0.765,1.6725,0
8/20/2024 23:00,0,0.42,2.9,0.76,1.670833333,0
8/21/2024 0:00,0,0.42,2.89,0.795,1.671666667,0
8/21/2024 1:00,0,0.365,2.875833333,0.8,1.679166667,0
8/21/2024 2:00,0,0.36,2.89,0.804166667,1.68,0
8/21/2024 3:00,0,0.36,2.819166667,0.8,1.671666667,0
8/21/2024 4:00,0,0.36,2.805,0.755,1.67,0
8/21/2024 5:00,0,0.36,2.776666667,0.785,1.67,0
8/21/2024 6:00,0,0.36,2.7625,0.8,1.670833333,0
8/21/2024 7:00,0,0.36,2.858333333,0.820833333,1.670833333,0
8/21/2024 8:00,0,0.36,2.88,0.85,1.675833333,0
8/21/2024 9:00,0,0.36,2.865833333,0.85,1.676666667,0
8/21/2024 10:00,0,0.36,2.7525,0.85,1.671666667,0
8/21/2024 11:00,0,0.36,2.724166667,0.85,1.671666667,0
8/21/2024 12:00,0,0.36,2.71,0.85,1.67,0
8/21/2024 13:00,0,0.36,2.71,0.85,1.6675,0
8/21/2024 14:00,0,0.36,2.709166667,0.86,1.653333333,0
8/21/2024 15:00,0,0.36,2.7,0.8375,1.6525,0
8/21/2024 16:00,0,0.36,2.7,0.833333333,1.655833333,0
8/21/2024 17:00,0,0.36,2.7,0.811666667,1.660833333,0
8/21/2024 18:00,0,0.36,2.7,0.69,1.665833333,0
8/21/2024 19:00,0,0.36,2.7,0.6275,1.666666667,0
8/21/2024 20:00,0,0.36,2.7,0.586666667,1.67,0
8/21/2024 21:00,0,0.36,2.671666667,0.6025,1.664166667,0
8/21/2024 22:00,0,0.36,2.671666667,0.606666667,1.661666667,0
8/21/2024 23:00,0,0.36,2.5975,0.635833333,1.661666667,0
8/22/2024 0:00,0,0.36,2.556666667,0.656666667,1.6625,0
8/22/2024 1:00,0,0.351666667,2.543333333,0.673333333,1.66,0
8/22/2024 2:00,0,0.36,2.556666667,0.685833333,1.66,0
8/22/2024 3:00,0,0.3225,2.594166667,0.7025,1.66,0
8/22/2024 4:00,0,0.31,2.5625,0.785,1.660833333,0
8/22/2024 5:00,0,0.31,2.52,0.841666667,1.661666667,0
8/22/2024 6:00,0,0.31,2.52,0.85,1.66,0
8/22/2024 7:00,0,0.31,2.52,0.825,1.660833333,0
8/22/2024 8:00,0,0.31,2.52,0.8125,1.661666667,0
8/22/2024 9:00,0,0.335,2.52,0.8,1.67,0
8/22/2024 10:00,0,0.355833333,2.52,0.8,1.669166667,0
8/22/2024 11:00,0,0.36,2.52,0.8125,1.66,0
8/22/2024 12:00,0,0.361666667,2.5125,0.795,1.663333333,0
8/22/2024 13:00,0,0.36,2.51,0.8,1.644166667,0
8/22/2024 14:00,0,0.37,2.47,0.8125,1.64,0
8/22/2024 15:00,0,0.32,2.51,0.78,1.644166667,0
8/22/2024 16:00,0,0.31,2.496666667,0.77,1.650833333,0
8/22/2024 17:00,0,0.31,2.51,0.745833333,1.654166667,0
8/22/2024 18:00,0,0.31,2.51,0.669166667,1.655,0
8/22/2024 19:00,0,0.31,2.51,0.59,1.658333333,0
8/22/2024 20:00,0,0.31,2.5075,0.563333333,1.66,0
8/22/2024 21:00,0,0.31,2.5,0.573333333,1.66,0
8/22/2024 22:00,0,0.31,2.5,0.59,1.66,0
8/22/2024 23:00,0,0.31,2.5,0.59,1.659166667,0
8/23/2024 0:00,0,0.31,2.473333333,0.594166667,1.66,0
8/23/2024 1:00,0,0.31,2.473333333,0.623333333,1.656666667,0
8/23/2024 2:00,0,0.31,2.42,0.635833333,1.66,0
8/23/2024 3:00,0,0.31,2.446666667,0.64,1.66,0
8/23/2024 4:00,0,0.31,2.46,0.648333333,1.658333333,0
8/23/2024 5:00,0,0.31,2.34,0.69,1.66,0
8/23/2024 6:00,0,0.31,2.34,0.69,1.66,0
8/23/2024 7:00,0,0.31,2.3375,0.69,1.66,0
8/23/2024 8:00,0,0.31,2.33,0.710833333,1.66,0
8/23/2024 9:00,0,0.31,2.33,0.74,1.659166667,0
8/23/2024 10:00,0,0.31,2.33,0.74,1.655,0
8/23/2024 11:00,0,0.31,2.33,0.745,1.655833333,0
8/23/2024 12:00,0,0.31,2.33,0.755,1.655833333,0
8/23/2024 13:00,0,0.31,2.33,0.75,1.639166667,0
8/23/2024 14:00,0,0.31,2.33,0.755,1.635,0
8/23/2024 15:00,0,0.31,2.33,0.76,1.645833333,0
8/23/2024 16:00,0,0.31,2.326666667,0.775,1.646666667,0
8/23/2024 17:00,0,0.31,2.333333333,0.745833333,1.653333333,0
8/23/2024 18:00,0,0.31,2.466666667,0.6775,1.65,0
8/23/2024 19:00,0,0.31,2.44,0.615,1.6525,0
8/23/2024 20:00,0,0.31,2.48,0.5775,1.653333333,0
8/23/2024 21:00,0,0.31,2.44,0.583333333,1.651666667,0
8/23/2024 22:00,0,0.31,2.36,0.59,1.65,0
8/23/2024 23:00,0,0.31,2.32,0.6025,1.650833333,0
8/24/2024 0:00,0,0.31,2.32,0.635833333,1.654166667,0
8/24/2024 1:00,0,0.31,2.315,0.635833333,1.65,0
8/24/2024 2:00,0,0.31,2.31,0.64,1.65,0
8/24/2024 3:00,0,0.31,2.31,0.648333333,1.65,0
8/24/2024 4:00,0,0.31,2.31,0.69,1.65,0
8/24/2024 5:00,0,0.31,2.31,0.723333333,1.65,0
8/24/2024 6:00,0,0.31,2.31,0.694166667,1.65,0
8/24/2024 7:00,0,0.31,2.2975,0.731666667,1.65,0
8/24/2024 8:00,0,0.31,2.2725,0.74,1.65,0
8/24/2024 9:00,0,0.31,2.2975,0.74,1.65,0
8/24/2024 10:00,0,0.31,2.304166667,0.74,1.650833333,0
8/24/2024 11:00,0,0.31,2.3,0.79,1.65,0
8/24/2024 12:00,0,0.31,2.3,0.79,1.65,0
8/24/2024 13:00,0,0.31,2.275,0.8,1.635833333,0
8/24/2024 14:00,0,0.31,2.225,0.79,1.629166667,0
8/24/2024 15:00,0,0.31,2.25,0.745,1.635833333,0
8/24/2024 16:00,0,0.31,2.3,0.775,1.638333333,0
8/24/2024 17:00,0,0.31,2.3,0.75,1.646666667,0
8/24/2024 18:00,0,0.31,2.3,0.660833333,1.643333333,0
8/24/2024 19:00,0,0.31,2.294166667,0.580833333,1.650833333,0
8/24/2024 20:00,0,0.31,2.29,0.54,1.65,0
8/24/2024 21:00,0,0.31,2.29,0.553333333,1.65,0
8/24/2024 22:00,0,0.31,2.29,0.556666667,1.65,0
8/24/2024 23:00,0,0.31,2.29,0.576666667,1.65,0
8/25/2024 0:00,0,0.31,2.29,0.59,1.65,0
8/25/2024 1:00,0,0.31,2.29,0.623333333,1.649166667,0
8/25/2024 2:00,0,0.29,2.29,0.594166667,1.649166667,0
8/25/2024 3:00,0,0.28,2.2775,0.64,1.648333333,0
8/25/2024 4:00,0,0.275,2.200833333,0.656666667,1.65,0
8/25/2024 5:00,0,0.25,2.130833333,0.69,1.65,0
8/25/2024 6:00,0,0.25,2.13,0.69,1.649166667,0
8/25/2024 7:00,0,0.25,2.2675,0.69,1.65,0
8/25/2024 8:00,0,0.25,2.396666667,0.694166667,1.65,0
8/25/2024 9:00,0,0.25,2.553333333,0.723333333,1.65,0
8/25/2024 10:00,0,0.25,2.443333333,0.74,1.650833333,0
8/25/2024 11:00,0,0.25,2.43,0.74,1.6525,0
8/25/2024 12:00,0,0.25,2.3675,0.74,1.651666667,0
8/25/2024 13:00,0,0.255,2.238333333,0.74,1.6375,0
8/25/2024 14:00,0,0.255,2.1975,0.74,1.629166667,0
8/25/2024 15:00,0,0.27,2.1825,0.7275,1.633333333,0
8/25/2024 16:00,0,0.25,2.2075,0.731666667,1.636666667,0
8/25/2024 17:00,0,0.25,2.27,0.740833333,1.641666667,0
8/25/2024 18:00,0,0.25,2.27,0.648333333,1.644166667,0
8/25/2024 19:00,0,0.255,2.27,0.586666667,1.646666667,0
8/25/2024 20:00,0,0.28,2.27,0.576666667,1.643333333,0
8/25/2024 21:00,0,0.29,2.27,0.55,1.6425,0
8/25/2024 22:00,0,0.26,2.263333333,0.54,1.643333333,0
8/25/2024 23:00,0,0.25,2.26,0.55,1.64,0
8/26/2024 0:00,0,0.25,2.26,0.55,1.6475,0
8/26/2024 1:00,0,0.25,2.26,0.57,1.643333333,0
8/26/2024 2:00,0,0.25,2.26,0.573333333,1.64,0
8/26/2024 3:00,0,0.25,2.26,0.594166667,1.640833333,0
8/26/2024 4:00,0,0.25,2.26,0.59,1.64,0
8/26/2024 5:00,0,0.25,2.26,0.615,1.641666667,0
8/26/2024 6:00,0,0.25,2.26,0.64,1.641666667,0
8/26/2024 7:00,0,0.25,2.253333333,0.64,1.644166667,0
8/26/2024 8:00,0,0.25,2.25,0.69,1.6475,0
8/26/2024 9:00,0,0.25,2.25,0.7275,1.648333333,0
8/26/2024 10:00,0,0.25,2.25,0.685833333,1.65,0
8/26/2024 11:00,0,0.25,2.25,0.698333333,1.649166667,0
8/26/2024 12:00,0,0.25,2.225,0.74,1.6425,0
8/26/2024 13:00,0,0.25,2.1,0.719166667,1.6275,0
8/26/2024 14:00,0,0.25,2.1,0.694166667,1.6175,0
8/26/2024 15:00,0,0.25,2.1625,0.69,1.625833333,0
8/26/2024 16:00,0,0.25,2.243333333,0.7025,1.631666667,0
8/26/2024 17:00,0,0.25,2.24,0.7025,1.6425,0
8/26/2024 18:00,0,0.25,2.24,0.619166667,1.648333333,0
8/26/2024 19:00,0,0.25,2.24,0.55,1.6475,0
8/26/2024 20:00,0,0.25,2.24,0.53,1.65,0
8/26/2024 21:00,0,0.25,2.24,0.536666667,1.640833333,0
8/26/2024 22:00,0,0.25,2.24,0.533333333,1.64,0
8/26/2024 23:00,0,0.25,2.24,0.54,1.643333333,0
8/27/2024 0:00,0,0.25,2.24,0.543333333,1.64,0
8/27/2024 1:00,0,0.25,2.274166667,0.55,1.64,0
8/27/2024 2:00,0,0.25,2.243333333,0.56,1.646666667,0
8/27/2024 3:00,0,0.25,2.243333333,0.59,1.65,0
8/27/2024 4:00,0,0.25,2.2425,0.59,1.65,0
8/27/2024 5:00,0,0.25,2.2425,0.59,1.65,0
8/27/2024 6:00,0,0.25,2.33,0.631666667,1.65,0
8/27/2024 7:00,0,0.25,2.305,0.64,1.65,0
8/27/2024 8:00,0,0.25,2.28,0.64,1.65,0
8/27/2024 9:00,0,0.25,2.28,0.64,1.65,0
8/27/2024 10:00,0,0.25,2.25,0.64,1.65,0
8/27/2024 11:00,0,0.25,2.22,0.669166667,1.65,0
8/27/2024 12:00,0,0.25,2.22,0.69,1.645833333,0
8/27/2024 13:00,0,0.25,2.2075,0.694166667,1.631666667,0
8/27/2024 14:00,0,0.25,2.2075,0.69,1.62,0
8/27/2024 15:00,0,0.25,2.22,0.648333333,1.628333333,0
8/27/2024 16:00,0,0.215,2.22,0.665,1.633333333,0
8/27/2024 17:00,0,0.235,2.295,0.648333333,1.638333333,0
8/27/2024 18:00,0,0.25,2.3575,0.563333333,1.639166667,0
8/27/2024 19:00,0,0.25,2.37,0.5,1.649166667,0
8/27/2024 20:00,0,0.25,2.37,0.466666667,1.655833333,0
8/27/2024 21:00,0,0.25,2.366666667,0.473333333,1.648333333,0
8/27/2024 22:00,0,0.25,2.36,0.47,1.640833333,0
8/27/2024 23:00,0,0.25,2.31,0.473333333,1.64,0
8/28/2024 0:00,0,0.25,2.335,0.483333333,1.64,0
8/28/2024 1:00,0,0.25,2.335,0.506666667,1.64,0
8/28/2024 2:00,0,0.25,2.21,0.513333333,1.64,0
8/28/2024 3:00,0,0.25,2.2225,0.516666667,1.64,0
8/28/2024 4:00,0,0.25,2.208333333,0.55,1.64,0
8/28/2024 5:00,0,0.25,2.2,0.556666667,1.640833333,0
8/28/2024 6:00,0,0.25,2.2,0.58,1.644166667,0
8/28/2024 7:00,0,0.25,2.2,0.556666667,1.645,0
8/28/2024 8:00,0,0.25,2.2,0.576666667,1.64,0
8/28/2024 9:00,0,0.25,2.2,0.59,1.64,0
8/28/2024 10:00,0,0.245833333,2.2,0.594166667,1.64,0
8/28/2024 11:00,0,0.25,2.2,0.606666667,1.64,0
8/28/2024 12:00,0,0.245833333,2.2,0.623333333,1.633333333,0
8/28/2024 13:00,0,0.233333333,2.1875,0.619166667,1.623333333,0
8/28/2024 14:00,0,0.2125,2.131666667,0.6025,1.613333333,0
8/28/2024 15:00,0,0.2,2.085,0.59,1.624166667,0
8/28/2024 16:00,0,0.2,2.166666667,0.586666667,1.621666667,0
8/28/2024 17:00,0,0.2,2.24,0.598333333,1.6275,0
8/28/2024 18:00,0,0.2,2.3275,0.553333333,1.6275,0
8/28/2024 19:00,0,0.2125,2.34,0.48,1.63,0
8/28/2024 20:00,0,0.216666667,2.34,0.463333333,1.6475,0
8/28/2024 21:00,0,0.2125,2.34,0.47,1.66,0
8/28/2024 22:00,0,0.204166667,2.34,0.463333333,1.638333333,0
8/28/2024 23:00,0,0.2,2.34,0.463333333,1.63,0
8/29/2024 0:00,0,0.2,2.331666667,0.47,1.63,0
8/29/2024 1:00,0,0.2,2.33,0.493333333,1.63,0
8/29/2024 2:00,0,0.2,2.33,0.51,1.63,0
8/29/2024 3:00,0,0.2,2.33,0.52,1.63,0
8/29/2024 4:00,0,0.2,2.33,0.54,1.63,0
8/29/2024 5:00,0,0.2,2.3175,0.55,1.63,0
8/29/2024 6:00,0,0.2,2.2925,0.55,1.630833333,0
8/29/2024 7:00,0,0.2,2.255,0.553333333,1.631666667,0
8/29/2024 8:00,0,0.2,2.253333333,0.59,1.635,0
8/29/2024 9:00,0,0.2,2.22,0.59,1.64,0
8/29/2024 10:00,0,0.2,2.17,0.598333333,1.639166667,0
8/29/2024 11:00,0,0.2,2.17,0.6275,1.638333333,0
8/29/2024 12:00,0,0.2,2.17,0.6275,1.6275,0
8/29/2024 13:00,0,0.2,2.17,0.64,1.6175,0
8/29/2024 14:00,0,0.2,2.17,0.635833333,1.604166667,0
8/29/2024 15:00,0,0.2,2.17,0.594166667,1.616666667,0
8/29/2024 16:00,0,0.2,2.17,0.615,1.616666667,0
8/29/2024 17:00,0,0.2,2.205,0.635833333,1.629166667,0
8/29/2024 18:00,0,0.235,2.2975,0.543333333,1.630833333,0
8/29/2024 19:00,0,0.301666667,2.31,0.49,1.633333333,0
8/29/2024 20:00,0,0.31,2.31,0.463333333,1.633333333,0
8/29/2024 21:00,0,0.31,2.2975,0.47,1.631666667,0
8/29/2024 22:00,0,0.31,2.31,0.456666667,1.630833333,0
8/29/2024 23:00,0,0.281666667,2.285,0.466666667,1.630833333,0
8/30/2024 0:00,0,0.26,2.1975,0.47,1.63,0.37
8/30/2024 1:00,0,0.26,2.1725,0.48,1.63,0.37
8/30/2024 2:00,0,0.26,2.158333333,0.486666667,1.63,0.37
8/30/2024 3:00,0,0.26,2.1625,0.51,1.63,0.37
8/30/2024 4:00,0,0.26,2.15,0.51,1.63,0.37
8/30/2024 5:00,0,0.26,2.15,0.51,1.63,0.37
8/30/2024 6:00,0,0.26,2.15,0.533333333,1.63,0.37
8/30/2024 7:00,0,0.26,2.15,0.55,1.63,0.37
8/30/2024 8:00,0,0.225,2.1625,0.566666667,1.631666667,0.37
8/30/2024 9:00,0,0.215,2.15,0.58,1.630833333,0.37
8/30/2024 10:00,0,0.22,2.15,0.586666667,1.630833333,0.37
8/30/2024 11:00,0,0.23,2.15,0.594166667,1.630833333,0.37
8/30/2024 12:00,0,0.24,2.141666667,0.606666667,1.6275,0.37
8/30/2024 13:00,0,0.22,2.14,0.606666667,1.620833333,0.37
8/30/2024 14:00,0,0.215,2.14,0.59,1.614166667,0.37
8/30/2024 15:00,0,0.235,2.14,0.586666667,1.625833333,0.37
8/30/2024 16:00,0,0.215,2.14,0.603333333,1.6175,0.37
8/30/2024 17:00,0,0.215,2.14,0.6025,1.629166667,0.37
8/30/2024 18:00,0,0.255,2.14,0.536666667,1.639166667,0.37
8/30/2024 19:00,0,0.255,2.324166667,1.161666667,5.09,0.37
8/30/2024 20:00,0.010833333,9.539166667,202.9533333,60.90833333,5.71,0.37
8/30/2024 21:00,0.009166667,111.6583333,85.33333333,14.67666667,3.480833333,0.37
8/30/2024 22:00,0.001666667,54.89166667,48.6,12.155,3.0475,0.37
8/30/2024 23:00,0.006666667,43.59166667,49.775,10.71916667,2.8475,0.37
8/31/2024 0:00,0.001666667,36.71666667,48.74166667,6.94,2.639166667,0.01
8/31/2024 1:00,0.000833333,27.725,44.66666667,4.305,2.4775,0.01
8/31/2024 2:00,0,21.45,41.53333333,3.83,2.368333333,0.01
8/31/2024 3:00,0,17.20833333,38.2,3.626666667,2.28,0.01
8/31/2024 4:00,0.000833333,13.96666667,34.725,3.52,2.2125,0.01
8/31/2024 5:00,0,11.45583333,31.6,3.533333333,2.158333333,0.01
8/31/2024 6:00,0,9.1275,28.95833333,3.3925,2.11,0.01
8/31/2024 7:00,0,7.295833333,26.29166667,3.35,2.065,0.01
8/31/2024 8:00,0,5.881666667,24,3.275,2.028333333,0.01
8/31/2024 9:00,0,4.9325,22.075,3.2125,1.998333333,0.01
8/31/2024 10:00,0,4.36,20.36666667,3.2,1.966666667,0.01
8/31/2024 11:00,0,4.0875,18.75833333,3.125,1.935833333,0.01
8/31/2024 12:00,0,3.608333333,17.45833333,3.05,1.91,0.01
8/31/2024 13:00,0,3.2,16.29166667,3.05,1.885833333,0.01
8/31/2024 14:00,0,2.943333333,15.3,2.9125,1.8625,0.01
8/31/2024 15:00,0,2.620833333,14.31666667,2.876666667,1.8525,0.01
8/31/2024 16:00,0,2.35,13.63333333,2.795,1.835,0.01
8/31/2024 17:00,0,2.033333333,12.93333333,2.713333333,1.828333333,0.01
8/31/2024 18:00,0,1.97,12.23333333,2.5225,1.818333333,0.01
8/31/2024 19:00,0,1.64,11.5,2.351666667,1.8125,0.01
8/31/2024 20:00,0,1.5625,10.96666667,2.24,1.806666667,0.01
8/31/2024 21:00,0,1.330833333,10.39166667,2.2125,1.794166667,0.01
8/31/2024 22:00,0,1.225,9.9,2.13,1.786666667,0.01
8/31/2024 23:00,0,1.11,9.351666667,2.139166667,1.779166667,0.01
9/1/2024 0:00,0,1.046666667,8.953333333,2.13,1.77,1.41
9/1/2024 1:00,0,0.92,8.615,2.1575,1.765833333,1.41
9/1/2024 2:00,0,0.92,8.233333333,2.24,1.76,1.41
9/1/2024 3:00,0,0.875,7.886666667,2.1575,1.753333333,1.41
9/1/2024 4:00,0,0.755,7.65,2.13,1.75,1.41
9/1/2024 5:00,0,0.74,7.370833333,2.13,1.745833333,1.41
9/1/2024 6:00,0,0.74,7.069166667,2.12,1.74,1.41
9/1/2024 7:00,0,0.74,6.776666667,2.04,1.735,1.41
9/1/2024 8:00,0,0.6275,6.518333333,2.01,1.73,1.41
9/1/2024 9:00,0,0.59,6.3075,2.01,1.729166667,1.41
9/1/2024 10:00,0,0.59,6.078333333,2.02,1.720833333,1.41
9/1/2024 11:00,0,0.59,5.96,2.01,1.72,1.41
9/1/2024 12:00,0,0.6525,5.765,1.968333333,1.7175,1.41
9/1/2024 13:00,0,0.74,5.635,1.918333333,1.711666667,1.41
9/1/2024 14:00,0,0.74,5.44,1.91,1.696666667,1.41
9/1/2024 15:00,0,0.74,5.3775,1.8825,1.698333333,1.41
9/1/2024 16:00,0,0.715,5.19,1.845833333,1.694166667,1.41
9/1/2024 17:00,0,0.615,5.043333333,1.800833333,1.696666667,1.41
9/1/2024 18:00,0,0.59,4.901666667,1.685833333,1.698333333,1.41
9/1/2024 19:00,0,0.59,4.7,1.5725,1.693333333,1.41
9/1/2024 20:00,0,2.005,4.604166667,1.55,3.338333333,1.41
9/1/2024 21:00,0.005833333,196.4416667,109.8208333,191.87,7.113333333,1.41
9/1/2024 22:00,0.059166667,302.8333333,238.925,253.6666667,5.101666667,1.41
9/1/2024 23:00,0,102.925,44.2,118.75,4.0275,1.41
9/2/2024 0:00,0,195.6666667,199.9416667,231.5833333,7.7925,0.6
9/2/2024 1:00,0.0525,399.4166667,589.5,365.5833333,7.430833333,0.6
9/2/2024 2:00,0.0075,279.6666667,469.5,297.75,6.955,0.6
9/2/2024 3:00,0.005833333,183.6666667,437.6666667,301.5,6.870833333,0.6
9/2/2024 4:00,0.0075,136,441.4166667,320.4166667,7.021666667,0.6
9/2/2024 5:00,0.015,136.9166667,457.5833333,340.3333333,7.019166667,0.6
9/2/2024 6:00,0.008333333,106.0416667,465.6666667,325,6.8125,0.6
9/2/2024 7:00,0.0025,78.39166667,458.3333333,289.25,6.484166667,0.6
9/2/2024 8:00,0,57.65,432.9166667,252.1666667,6.1,0.6
9/2/2024 9:00,0,45.40833333,403.5,219.5,5.711666667,0.6
9/2/2024 10:00,0,37.975,371.8333333,192.9166667,5.336666667,0.6
9/2/2024 11:00,0,32.45833333,341.0833333,170.9166667,4.986666667,0.6
9/2/2024 12:00,0,28.50833333,308.9166667,152.25,4.683333333,0.6
9/2/2024 13:00,0.000833333,25.51666667,279.0833333,136.5,4.406666667,0.6
9/2/2024 14:00,0.000833333,23.15,253.25,122.3333333,4.189166667,0.6
9/2/2024 15:00,0.000833333,21.65,230.6666667,110.5,4.009166667,0.6
9/2/2024 16:00,0.000833333,20.6,209,100.3583333,3.820833333,0.6
9/2/2024 17:00,0,20.1,189.8333333,91.8,3.6675,0.6
9/2/2024 18:00,0,19.09166667,171.3333333,82.76666667,3.514166667,0.6
9/2/2024 19:00,0,17.6,154.5833333,75.36666667,3.389166667,0.6
9/2/2024 20:00,0,15.925,140.9166667,69.28333333,3.275,0.6
9/2/2024 21:00,0,14.40833333,129.8333333,63.65833333,3.166666667,0.6
9/2/2024 22:00,0,13.18333333,118.4166667,57.70833333,3.0725,0.6
9/2/2024 23:00,0,11.93333333,109,52.44166667,2.979166667,0.6
9/3/2024 0:00,0,10.85,100.975,47.55833333,2.903333333,0
9/3/2024 1:00,0,9.89,93.93333333,43.75,2.829166667,0
9/3/2024 2:00,0,9.003333333,87.41666667,40.19166667,2.7675,0
9/3/2024 3:00,0,8.403333333,81.88333333,37.06666667,2.711666667,0
9/3/2024 4:00,0,7.75,76.4,34.64166667,2.659166667,0
9/3/2024 5:00,0,7.429166667,71.35833333,31.90833333,2.611666667,0
9/3/2024 6:00,0,6.76,67.13333333,29.69166667,2.560833333,0
9/3/2024 7:00,0,6.41,63.29166667,28.00833333,2.5175,0
9/3/2024 8:00,0,6.06,58.81666667,26.65833333,2.476666667,0
9/3/2024 9:00,0,6.06,54.91666667,25.36666667,2.443333333,0
9/3/2024 10:00,0,6.005833333,51.61666667,24.30833333,2.411666667,0
9/3/2024 11:00,0,5.464166667,48.95,23.33333333,2.3825,0
9/3/2024 12:00,0,5.41,45.95,22.48333333,2.336666667,0
9/3/2024 13:00,0,5.06,43.55,21.81666667,2.305,0
9/3/2024 14:00,0,4.6675,41.09166667,20.94166667,2.2675,0
9/3/2024 15:00,0,4.2875,38.76666667,20.025,2.253333333,0
9/3/2024 16:00,0,3.8425,36.76666667,19.30833333,2.2275,0
9/3/2024 17:00,0,4.151666667,34.83333333,18.68333333,2.205833333,0
9/3/2024 18:00,0,3.8425,32.9,17.68333333,2.191666667,0
9/3/2024 19:00,0,3.505833333,31.45,16.68333333,2.175833333,0
9/3/2024 20:00,0,3.22,29.81666667,15.53333333,2.155833333,0
9/3/2024 21:00,0,2.845,28.41666667,14.76666667,2.135,0
9/3/2024 22:00,0,2.775,27.075,14.01666667,2.1125,0
9/3/2024 23:00,0,2.605,25.8,13.38333333,2.095,0
9/4/2024 0:00,0,2.36,24.63333333,12.65,2.079166667,0
9/4/2024 1:00,0,2.36,23.6,12.125,2.064166667,0
9/4/2024 2:00,0,2.329166667,22.55,11.8,2.045833333,0
9/4/2024 3:00,0,1.99,21.75,11.3,2.033333333,0
9/4/2024 4:00,0,1.99,21.05,10.825,2.019166667,0
9/4/2024 5:00,0,1.99,20.13333333,10.375,2.0075,0
9/4/2024 6:00,0,1.99,19.40833333,10.00666667,1.995,0
9/4/2024 7:00,0,1.99,18.65833333,9.73,1.984166667,0
9/4/2024 8:00,0,1.82,18.03333333,9.348333333,1.974166667,0
9/4/2024 9:00,0,1.65,17.4,9.036666667,1.9625,0
9/4/2024 10:00,0,1.65,16.725,8.6375,1.953333333,0
9/4/2024 11:00,0,1.65,16.11666667,8.155833333,1.9425,0
9/4/2024 12:00,0,1.65,15.49166667,7.805833333,1.930833333,0
9/4/2024 13:00,0,1.6525,14.95,7.55,1.923333333,0
9/4/2024 14:00,0,1.35,14.6,7.25,1.900833333,0
9/4/2024 15:00,0,1.35,14.3,6.803333333,1.9,0
9/4/2024 16:00,0,1.35,13.88333333,6.656666667,1.890833333,0
9/4/2024 17:00,0,1.35,13.4,6.210833333,1.885,0
9/4/2024 18:00,0,1.35,12.78333333,5.644166667,1.876666667,0
9/4/2024 19:00,0,1.295,12.26666667,5.305,1.869166667,0
9/4/2024 20:00,0,1.13,11.86666667,5.03,1.861666667,0
9/4/2024 21:00,0,1.13,11.5,4.855,1.855,0
9/4/2024 22:00,0,1.13,11.13333333,4.6275,1.848333333,0
9/4/2024 23:00,0,1.13,10.86666667,4.42,1.840833333,0
9/5/2024 0:00,0,1.096666667,10.63333333,4.37,1.843333333,0
9/5/2024 1:00,0,0.98,10.45,4.22,1.84,0
9/5/2024 2:00,0,0.93,10.25,4.16,1.833333333,0
9/5/2024 3:00,0,0.93,10.2,4.04,1.8325,0
9/5/2024 4:00,0,0.93,9.790833333,4.025,1.825833333,0
9/5/2024 5:00,0,0.93,9.469166667,3.875,1.82,0
9/5/2024 6:00,0,0.93,9.410833333,3.83,1.8125,0
9/5/2024 7:00,0,0.93,9.119166667,3.68,1.810833333,0
9/5/2024 8:00,0,0.855833333,8.891666667,3.56,1.809166667,0
9/5/2024 9:00,0,0.76,8.75,3.52,1.803333333,0
9/5/2024 10:00,0,0.76,8.53,3.406666667,1.800833333,0
9/5/2024 11:00,0,0.76,8.414166667,3.35,1.8,0
9/5/2024 12:00,0,0.76,8.17,3.275,1.799166667,0
9/5/2024 13:00,0,0.76,8.01,3.2125,1.790833333,0
9/5/2024 14:00,0,0.76,7.903333333,3.2,1.784166667,0
9/5/2024 15:00,0,0.76,7.77,3.075,1.783333333,0
9/5/2024 16:00,0,0.64,7.718333333,3.0375,1.785,0
9/5/2024 17:00,0,0.6,7.6625,2.8775,1.779166667,0
9/5/2024 18:00,0,0.6,7.483333333,2.76,1.783333333,0
9/5/2024 19:00,0,0.6,7.45,2.588333333,1.784166667,0
9/5/2024 20:00,0,0.6,7.325,2.511666667,1.781666667,0
9/5/2024 21:00,0,0.6,7.15,2.49,1.779166667,0
9/5/2024 22:00,0,0.6,7.025833333,2.446666667,1.771666667,0
9/5/2024 23:00,0,0.6,6.85,2.36,1.77,0
9/6/2024 0:00,0,0.6,6.8025,2.36,1.77,0
9/6/2024 1:00,0,0.6,6.56,2.35,1.765833333,0
9/6/2024 2:00,0,0.541666667,6.536666667,2.24,1.763333333,0
9/6/2024 3:00,0,0.5,6.443333333,2.24,1.763333333,0
9/6/2024 4:00,0,0.5,6.28,2.24,1.761666667,0
9/6/2024 5:00,0,0.5,6.28,2.24,1.761666667,0
9/6/2024 6:00,0,0.5,6.233333333,2.24,1.76,0
9/6/2024 7:00,0,0.5,6.09,2.24,1.753333333,0
9/6/2024 8:00,0,0.5,6,2.24,1.75,0
9/6/2024 9:00,0,0.5,5.9775,2.139166667,1.75,0
9/6/2024 10:00,0,0.5,5.7525,2.1575,1.75,0
9/6/2024 11:00,0,0.5,5.708333333,2.139166667,1.75,0
9/6/2024 12:00,0,0.5,5.643333333,2.13,1.745833333,0
9/6/2024 13:00,0,0.49,5.535,2.13,1.740833333,0
9/6/2024 14:00,0,0.49,5.47,2.13,1.734166667,0
9/6/2024 15:00,0,0.485,5.47,2.02,1.7375,0
9/6/2024 16:00,0,0.445,5.468333333,2.01,1.731666667,0
9/6/2024 17:00,0,0.44,5.46,1.943333333,1.7325,0
9/6/2024 18:00,0,0.44,5.418333333,1.7925,1.7375,0
9/6/2024 19:00,0,0.44,5.230833333,1.6775,1.735833333,0
9/6/2024 20:00,0,0.44,5.21,1.595,1.730833333,0
9/6/2024 21:00,0,0.44,5.21,1.595,1.73,0
9/6/2024 22:00,0,0.44,5.083333333,1.52,1.73,0
9/6/2024 23:00,0,0.44,5.16,1.52,1.73,0
9/7/2024 0:00,0,0.44,5.08,1.52,1.73,0
9/7/2024 1:00,0,0.44,4.96,1.52,1.73,0
9/7/2024 2:00,0,0.44,4.959166667,1.52,1.73,0
9/7/2024 3:00,0,0.44,4.930833333,1.52,1.73,0
9/7/2024 4:00,0,0.44,4.95,1.52,1.73,0
9/7/2024 5:00,0,0.44,4.753333333,1.52,1.73,0
9/7/2024 6:00,0,0.44,4.71,1.52,1.73,0
9/7/2024 7:00,0,0.44,4.71,1.52,1.729166667,0
9/7/2024 8:00,0,0.44,4.690833333,1.4975,1.723333333,0
9/7/2024 9:00,0,0.44,4.6525,1.52,1.72,0
9/7/2024 10:00,0,0.44,4.518333333,1.505,1.72,0
9/7/2024 11:00,0,0.44,4.555,1.52,1.72,0
9/7/2024 12:00,0,0.44,4.473333333,1.4975,1.72,0
9/7/2024 13:00,0,0.44,4.47,1.49,1.715,0
9/7/2024 14:00,0,0.44,4.47,1.43,1.710833333,0
9/7/2024 15:00,0,0.44,4.47,1.4675,1.7075,0
9/7/2024 16:00,0,0.44,4.47,1.4975,1.716666667,0
9/7/2024 17:00,0,0.44,4.47,1.3475,1.714166667,0
9/7/2024 18:00,0,0.44,4.463333333,1.293333333,1.716666667,0
9/7/2024 19:00,0,0.44,4.46,1.230833333,1.715,0
9/7/2024 20:00,0,0.44,4.46,1.17,1.714166667,0
9/7/2024 21:00,0,0.44,4.46,1.1825,1.7125,0
9/7/2024 22:00,0,0.44,4.386666667,1.254166667,1.71,0
9/7/2024 23:00,0,0.44,4.441666667,1.26,1.710833333,0
9/8/2024 0:00,0,0.44,4.305833333,1.26,1.7125,0
9/8/2024 1:00,0,0.44,4.266666667,1.273333333,1.72,0
9/8/2024 2:00,0,0.44,4.248333333,1.34,1.716666667,0
9/8/2024 3:00,0,0.425,4.23,1.306666667,1.71,0
9/8/2024 4:00,0,0.4,4.23,1.236666667,1.71,0
9/8/2024 5:00,0,0.405,4.12,1.19,1.71,0
9/8/2024 6:00,0,0.416666667,3.9925,1.19,1.71,0
9/8/2024 7:00,0,0.410833333,3.8525,1.19,1.7075,0
9/8/2024 8:00,0,0.423333333,3.8,1.2075,1.700833333,0
9/8/2024 9:00,0,0.423333333,3.75,1.201666667,1.700833333,0
9/8/2024 10:00,0,0.431666667,3.643333333,1.19,1.7,0
9/8/2024 11:00,0,0.435833333,3.59,1.19,1.7,0
9/8/2024 12:00,0,0.44,3.59,1.19,1.6975,0
9/8/2024 13:00,0,0.44,3.5575,1.156666667,1.6875,0
9/8/2024 14:00,0,0.44,3.456666667,1.11,1.675833333,0
9/8/2024 15:00,0,0.44,3.506666667,1.051666667,1.684166667,0
9/8/2024 16:00,0,0.44,3.39,1.04,1.683333333,0
9/8/2024 17:00,0,0.435833333,3.39,0.989166667,1.685833333,0
9/8/2024 18:00,0,0.44,3.39,0.856666667,1.69,0
9/8/2024 19:00,0,0.435833333,3.39,0.78,1.688333333,0
9/8/2024 20:00,0,0.431666667,3.388333333,0.735833333,1.69,0
9/8/2024 21:00,0,0.398333333,3.35,0.735833333,1.69,0
9/8/2024 22:00,0,0.39,3.254166667,0.74,1.688333333,0
9/8/2024 23:00,0,0.39,3.19,0.745,1.69,0
9/9/2024 0:00,0,0.39,3.19,0.765,1.680833333,0
9/9/2024 1:00,0,0.39,3.13,0.785,1.68,0
9/9/2024 2:00,0,0.39,3.175,0.8,1.68,0
9/9/2024 3:00,0,0.39,3.115,0.8,1.68,0
9/9/2024 4:00,0,0.39,3.004166667,0.808333333,1.68,0
9/9/2024 5:00,0,0.39,3,0.8,1.68,0
9/9/2024 6:00,0,0.39,3,0.808333333,1.674166667,0
9/9/2024 7:00,0,0.39,2.971666667,0.820833333,1.679166667,0
9/9/2024 8:00,0,0.39,2.850833333,0.816666667,1.678333333,0
9/9/2024 9:00,0,0.39,2.82,0.8375,1.674166667,0
9/9/2024 10:00,0,0.39,2.791666667,0.85,1.674166667,0
9/9/2024 11:00,0,0.39,2.664166667,0.85,1.670833333,0
9/9/2024 12:00,0,0.39,2.664166667,0.85,1.670833333,0
9/9/2024 13:00,0,0.39,2.664166667,0.85,1.665,0
9/9/2024 14:00,0,0.39,2.65,0.8375,1.655833333,0
9/9/2024 15:00,0,0.39,2.65,0.8375,1.665833333,0
9/9/2024 16:00,0,0.39,2.676666667,0.845833333,1.660833333,0
9/9/2024 17:00,0,0.39,2.6975,0.808333333,1.666666667,0
9/9/2024 18:00,0,0.39,2.668333333,0.706666667,1.678333333,0
9/9/2024 19:00,0,0.39,2.725,0.623333333,1.675,0
9/9/2024 20:00,0,0.39,2.753333333,0.606666667,1.675,0
9/9/2024 21:00,0,0.39,2.795833333,0.606666667,1.67,0
9/9/2024 22:00,0,0.39,2.668333333,0.610833333,1.67,0
9/9/2024 23:00,0,0.39,2.696666667,0.631666667,1.670833333,0
9/10/2024 0:00,0,0.39,2.653333333,0.64,1.67,0
9/10/2024 1:00,0,0.39,2.633333333,0.64,1.67,0
9/10/2024 2:00,0,0.39,2.63,0.64,1.67,0
9/10/2024 3:00,0,0.39,2.616666667,0.644166667,1.67,0
9/10/2024 4:00,0,0.39,2.616666667,0.64,1.67,0
9/10/2024 5:00,0,0.39,2.63,0.656666667,1.67,0
9/10/2024 6:00,0,0.39,2.63,0.660833333,1.67,0
9/10/2024 7:00,0,0.39,2.63,0.69,1.67,0
9/10/2024 8:00,0,0.39,2.5875,0.69,1.668333333,0
9/10/2024 9:00,0,0.39,2.5025,0.69,1.669166667,0
9/10/2024 10:00,0,0.39,2.473333333,0.69,1.66,0
9/10/2024 11:00,0,0.39,2.46,0.69,1.665,0
9/10/2024 12:00,0,0.39,2.46,0.69,1.660833333,0
9/10/2024 13:00,0,0.39,2.433333333,0.735833333,1.655,0
9/10/2024 14:00,0,0.39,2.433333333,0.69,1.643333333,0
9/10/2024 15:00,0,0.39,2.433333333,0.7025,1.656666667,0
9/10/2024 16:00,0,0.39,2.429166667,0.7025,1.655833333,0
9/10/2024 17:00,0,0.39,2.45,0.7025,1.655833333,0
9/10/2024 18:00,0,0.39,2.45,0.615,1.66,0
9/10/2024 19:00,0,0.39,2.45,0.546666667,1.661666667,0
9/10/2024 20:00,0,0.39,2.45,0.52,1.660833333,0
9/10/2024 21:00,0,0.39,2.45,0.526666667,1.6625,0
9/10/2024 22:00,0,0.39,2.463333333,0.516666667,1.66,0
9/10/2024 23:00,0,0.39,2.41,0.526666667,1.664166667,0
9/11/2024 0:00,0,0.39,2.396666667,0.546666667,1.664166667,0
9/11/2024 1:00,0,0.39,2.303333333,0.543333333,1.66,0
9/11/2024 2:00,0,0.39,2.29,0.546666667,1.66,0
9/11/2024 3:00,0,0.39,2.3275,0.553333333,1.66,0
9/11/2024 4:00,0,0.39,2.365,0.556666667,1.66,0
9/11/2024 5:00,0,0.39,2.360833333,0.59,1.66,0
9/11/2024 6:00,0,0.39,2.306666667,0.59,1.66,0
9/11/2024 7:00,0,0.39,2.28,0.59,1.66,0
9/11/2024 8:00,0,0.39,2.28,0.59,1.66,0
9/11/2024 9:00,0,0.39,2.2675,0.631666667,1.66,0
9/11/2024 10:00,0,0.39,2.255,0.64,1.66,0
9/11/2024 11:00,0,0.39,2.255,0.64,1.66,0
9/11/2024 12:00,0,0.39,2.205,0.64,1.659166667,0
9/11/2024 13:00,0,0.39,2.1675,0.64,1.6525,0
9/11/2024 14:00,0,0.39,2.13,0.648333333,1.6425,0
9/11/2024 15:00,0,0.39,2.164166667,0.64,1.6525,0
9/11/2024 16:00,0,0.39,2.2325,0.656666667,1.6525,0
9/11/2024 17:00,0,0.39,2.27,0.64,1.651666667,0
9/11/2024 18:00,0,0.4,2.27,0.574166667,1.658333333,0
9/11/2024 19:00,0,0.45,2.27,0.5,1.66,0
9/11/2024 20:00,0,0.45,2.2575,0.5,1.66,0
9/11/2024 21:00,0,0.45,2.2075,0.513333333,1.66,0
9/11/2024 22:00,0,0.45,2.1575,0.496666667,1.6575,0
9/11/2024 23:00,0,0.45,2.1575,0.5,1.66,0
9/12/2024 0:00,0,0.45,2.12,0.5,1.659166667,0
9/12/2024 1:00,0,0.45,2.12,0.506666667,1.655,0
9/12/2024 2:00,0,0.45,2.131666667,0.51,1.651666667,0
9/12/2024 3:00,0,0.45,2.118333333,0.51,1.654166667,0
9/12/2024 4:00,0,0.45,2.1225,0.53,1.658333333,0
9/12/2024 5:00,0,0.45,2.11,0.546666667,1.66,0
9/12/2024 6:00,0,0.45,2.11,0.55,1.66,0
9/12/2024 7:00,0,0.45,2.11,0.55,1.659166667,0
9/12/2024 8:00,0,0.45,2.11,0.57,1.658333333,0
9/12/2024 9:00,0,0.45,2.11,0.573333333,1.66,0
9/12/2024 10:00,0,0.45,2.135,0.59,1.656666667,0
9/12/2024 11:00,0,0.45,2.135,0.59,1.658333333,0
9/12/2024 12:00,0,0.45,2.11,0.59,1.658333333,0
9/12/2024 13:00,0,0.45,2.085,0.59,1.656666667,0
9/12/2024 14:00,0,0.45,2.085,0.598333333,1.64,0
9/12/2024 15:00,0,0.45,2.168333333,0.59,1.649166667,0
9/12/2024 16:00,0,0.45,2.125,0.606666667,1.6475,0
9/12/2024 17:00,0,0.45,2.1625,0.576666667,1.648333333,0
9/12/2024 18:00,0,0.45,2.1875,0.523333333,1.650833333,0
9/12/2024 19:00,0,0.45,2.125,0.483333333,1.6525,0
9/12/2024 20:00,0,0.45,2.1,0.473333333,1.651666667,0
9/12/2024 21:00,0,0.45,2.1,0.47,1.650833333,0
9/12/2024 22:00,0,0.45,2.1,0.483333333,1.65,0
9/12/2024 23:00,0,0.45,2.1,0.47,1.65,0
9/13/2024 0:00,0,0.45,2.1,0.47,1.65,1.95
9/13/2024 1:00,0,0.45,2.1,0.47,1.65,1.95
9/13/2024 2:00,0,0.45,2.1,0.47,1.65,1.95
9/13/2024 3:00,0,0.45,2.1,0.51,1.6525,1.95
9/13/2024 4:00,0,0.45,2.09,0.51,1.659166667,1.95
9/13/2024 5:00,0,0.45,2.09,0.51,1.655,1.95
9/13/2024 6:00,0,0.45,2.09,0.523333333,1.656666667,1.95
9/13/2024 7:00,0,0.45,2.078333333,0.533333333,1.66,1.95
9/13/2024 8:00,0,0.45,2.031666667,0.55,1.6575,1.95
9/13/2024 9:00,0,0.45,2.09,0.55,1.655,1.95
9/13/2024 10:00,0,0.45,2.115,0.553333333,3.311666667,1.95
9/13/2024 11:00,0,15.695,44.74166667,48.42833333,5.738333333,1.95
9/13/2024 12:00,0.06,52.64166667,141.1666667,106.7666667,5.456666667,1.95
9/13/2024 13:00,0.015833333,68.99166667,164.5,70.69166667,4.678333333,1.95
9/13/2024 14:00,0.005,57.45833333,123.3333333,49.25,4.810833333,1.95
9/13/2024 15:00,0.010833333,59.76666667,158.9166667,64.14166667,7.753333333,1.95
9/13/2024 16:00,0.034166667,113.725,513.5833333,225.4166667,7.915,1.95
9/13/2024 17:00,0.028333333,105.5166667,600.3333333,196.5833333,7.714166667,1.95
9/13/2024 18:00,0.000833333,63.14166667,471.5833333,130.5833333,7.115833333,1.95
9/13/2024 19:00,0.003333333,41.54166667,343.5833333,114.3333333,6.41,1.95
9/13/2024 20:00,0.004166667,36.58333333,289.4166667,108.0833333,5.665,1.95
9/13/2024 21:00,0,35.475,252.5833333,98.71666667,4.980833333,1.95
9/13/2024 22:00,0,29.725,226.0833333,90.21666667,4.459166667,1.95
9/13/2024 23:00,0,23.975,203.4166667,82.25,4.078333333,1.95
9/14/2024 0:00,0,19.9,180.8333333,74.825,3.775,0.32
9/14/2024 1:00,0,17.125,157.9166667,68.99166667,3.519166667,0.32
9/14/2024 2:00,0,14.75833333,140.0833333,63.13333333,3.353333333,0.32
9/14/2024 3:00,0,13.35833333,127.25,57.81666667,3.298333333,0.32
9/14/2024 4:00,0.005,15.84166667,122.1666667,56.35833333,3.860833333,0.32
9/14/2024 5:00,0.015,42.36666667,137.3333333,75.925,4.040833333,0.32
9/14/2024 6:00,0.001666667,52.59166667,145.1666667,77.16666667,3.886666667,0.32
9/14/2024 7:00,0.003333333,44.59166667,146,73.1,3.65,0.32
9/14/2024 8:00,0.001666667,35.94166667,134.5833333,68.19166667,3.425,0.32
9/14/2024 9:00,0,28.90833333,123.3333333,62.75,3.2425,0.32
9/14/2024 10:00,0,23.08333333,113.25,57.76666667,3.0975,0.32
9/14/2024 11:00,0,19.6,105.0833333,53.325,2.9825,0.32
9/14/2024 12:00,0,16.85,97.76666667,49.21666667,2.885,0.32
9/14/2024 13:00,0,14.525,91.90833333,45.24166667,2.8,0.32
9/14/2024 14:00,0,12.61666667,86.575,41.64166667,2.725,0.32
9/14/2024 15:00,0,11.00666667,81.675,38.44166667,2.658333333,0.32
9/14/2024 16:00,0,9.4075,76.9,35.475,2.596666667,0.32
9/14/2024 17:00,0,8.013333333,72.525,32.89166667,2.541666667,0.32
9/14/2024 18:00,0,7.074166667,68.7,29.98333333,2.496666667,0.32
9/14/2024 19:00,0,6.140833333,65.21666667,27.89166667,2.4525,0.32
9/14/2024 20:00,0,5.23,61.41666667,26.59166667,2.4075,0.32
9/14/2024 21:00,0,4.545,57.79166667,25.34166667,2.366666667,0.32
9/14/2024 22:00,0,3.950833333,54.13333333,24.14166667,2.33,0.32
9/14/2024 23:00,0,3.61,51.31666667,23.075,2.294166667,0.32
9/15/2024 0:00,0,3.25,48.45,22.25,2.2625,0.09
9/15/2024 1:00,0,2.875,46.09166667,21.38333333,2.233333333,0.09
9/15/2024 2:00,0,2.8,43.725,20.725,2.210833333,0.09
9/15/2024 3:00,0,2.424166667,41.44166667,20.025,2.186666667,0.09
9/15/2024 4:00,0,2.39,39.33333333,19.33333333,2.16,0.09
9/15/2024 5:00,0,2.105,37.6,18.84166667,2.139166667,0.09
9/15/2024 6:00,0,2.01,35.6,18.15,2.108333333,0.09
9/15/2024 7:00,0,1.955,33.69166667,17.675,2.088333333,0.09
9/15/2024 8:00,0,1.68,32.075,17.15,2.069166667,0.09
9/15/2024 9:00,0,1.68,30.73333333,16.3,2.0525,0.09
9/15/2024 10:00,0,1.655,29.39166667,15.63333333,2.035833333,0.09
9/15/2024 11:00,0,1.48,28.10833333,14.925,2.016666667,0.09
9/15/2024 12:00,0,1.38,27.025,14.2,1.998333333,0.09
9/15/2024 13:00,0,1.38,25.725,13.65,1.9825,0.09
9/15/2024 14:00,0,1.38,24.75,12.91666667,1.969166667,0.09
9/15/2024 15:00,0,1.245833333,23.7,12.35,1.955833333,0.09
9/15/2024 16:00,0,1.15,22.9,11.825,1.945,0.09
9/15/2024 17:00,0,1.133333333,22,11.35,1.9325,0.09
9/15/2024 18:00,0,0.983333333,21.25,10.7,1.921666667,0.09
9/15/2024 19:00,0,0.95,20.55,10.13083333,1.918333333,0.09
9/15/2024 20:00,0,1.8675,20.09166667,10.18583333,1.951666667,0.09
9/15/2024 21:00,0.0075,15.20833333,21.6,11.86666667,2.019166667,0.09
9/15/2024 22:00,0,17.20833333,20.9,13.1,2.1,0.09
9/15/2024 23:00,0,10.86166667,20.9,12.58333333,2.035833333,0.09
9/16/2024 0:00,0,7.7075,20.95,13.03333333,1.989166667,0
9/16/2024 1:00,0,5.799166667,21.45,12.825,1.978333333,0
9/16/2024 2:00,0,4.6825,21.45,12.025,1.965,0
9/16/2024 3:00,0,3.448333333,20.775,11.45,1.946666667,0
